Respondent ID,Collector ID,Start Date,End Date,IP Address,Email Address,First Name,Last Name,Custom Data 1,ID,What is your age in years?,"What sex were you assigned at birth, such as on an original birth certificate?",What is your gender?,"Please indicate your ethnicity (i.e. peoples’ ethnicity describes their feeling of belonging and attachment to a distinct group of a larger population that shares their ancestry, colour, language or religion)?",,What is your nationality?,,What is your religious affiliation?,,"As a Christian, which of these groups do you identify with? Select all that apply.",,,,,,,,,,Use the slider to indicate how important religion is in your life from 0 (not important at all) to 100 (extremely important).,How often do you think about religious issues?,To what extent do you believe that God or something divine exists?,How often do you take part in religious services?,How often do you pray?,How often do you experience situations in which you have the feeling that God or something divine intervenes in your life?,"The following items describe a variety of concepts. Please rate how disgusting you find the concepts described in the items, where 0 means that you do not find the concept disgusting at all and 6 means that you find the concept extremely disgusting.",,,,,,,,,,,,,,,,,,,,,With how many different partners have you had sex within the past 12 months?,With how many different partners have you had sexual intercourse on one and only one occasion?,With how many different partners have you had sexual intercourse without having an interest in a long-term committed relationship with this person?,Sex without love is OK.,I can imagine myself being comfortable and enjoying “casual” sex with different partners.,"I do not want to have sex with a person until I am sure that we will have a long-term, serious relationship.",How often do you have fantasies about having sex with someone with whom you do not have a committed romantic relationship?,How often do you experience sexual arousal when you are in contact with someone with whom you do not have a committed romantic relationship?,"In everyday life, how often do you have spontaneous fantasies about having sex with someone you have just met?",Below are items that relate to the cultures of different parts of the world. Work quickly and record your first reaction to each item. There are no right or wrong answers. Please indicate the degree to which you agree or disagree with each item using the following five-point scale: Strongly Disagree = 1; Disagree = 2; Neutral = 3; Agree = 4; Strongly Agree = 5,,,,,,,"The following questions concern values that people may or may not hold. Please click bubbles to indicate the degree to which you disagree or agree with each statement, where higher numbers mean you agree with the statement more and lower numbers mean you disagree with the statement more.",,,,,,,,,,,
,,,,,,,,,,Response,Response,Open-Ended Response,Response,Other (please specify):,Response,Other (please specify),Response,Other (please specify),Catholic,Protestant,Orthodox,Pentecostal,Lutheran,Methodist,Anglican,Baptist,Presbyterian,Other (please specify),Open-Ended Response,Response,Response,Response,Response,Response,Shoplifting a candy bar from a convenience store,Hearing two strangers having sex,Stepping on dog poop,Stealing from a neighbor,Performing oral sex,Sitting next to someone who has red sores on their arm,A student cheating to get good grades,Watching a pornographic video,Shaking hands with a stranger who has sweaty palms,Deceiving a friend,Finding out that someone you do not like has sexual fantasies about you,Seeing some mold on old leftovers in your refrigerator,Forging someone’s signature on a legal document,Bringing someone you just met back to your room to have sex,Standing close to a person who has body odor,Cutting to the front of a line to purchase the last few tickets to a show,A stranger of the opposite sex intentionally rubbing your thigh in an elevator,Seeing a cockroach run across the floor,Intentionally lying during a business transaction,Having anal sex with someone of the opposite sex,Accidentally touching a person’s bloody cut,Response,Response,Response,Response,Response,Response,Response,Response,Response,1. I see people who are similar to me as virtuous.,2. I do not cooperate with people who are different.,3. I do not trust people who are different.,4. My culture should be the role model for other cultures.,5. Lifestyles in other cultures are just as valid as those in my culture.,6. I respect the values and customs of other cultures.,7. Other cultures are smart to look up to our culture.,People emphasize tradition too much.,Traditions are the foundation of a healthy society and should be respected.,It would be better for society if more people followed social norms.,Traditions interfere with progress.,People should challenge social traditions in order to advance society.,People should respect social norms.,Society should not resist innovation.,People should learn the traditions of the past.,People are too often stuck in the ways of the past.,People have a responsibility to carry on the practices of those that came before them.,Keeping traditional customs alive is important for society.,It is important to follow social norms established in the community.
1.10016E+11,270409977,6/20/24 16:30,6/21/24 10:55,70.67.126.225,,,,,932996259,1,1,Male,11,,7,,6,,,,,,,,,,,,,3,4,7,6,4,,,,,,,,,,,,,,,,,,,,,,,,,,,,,,,,,,,,,,,,,,,,,,,,,
1.10016E+11,270412194,6/21/24 10:30,6/21/24 10:35,142.115.131.88,,,,,5543677673,24,1,Male,9,,7,,6,,,,,,,,,,,,10,5,1,6,6,3,6,4,6,6,6,6,6,6,6,6,4,6,6,6,6,5,6,3,6,6,6,1,1,1,6,1,7,1,1,1,4,1,1,3,4,5,4,4,5,4,3,4,3,3,4,5,4,4,3
1.10016E+11,270412194,6/21/24 10:12,6/21/24 10:25,136.226.112.191,,,,,9072712365,6,2,female,5,,8,,6,,,,,,,,,,,,5,3,2,7,5,4,2,4,5,6,1,2,2,3,4,6,3,5,5,1,6,6,2,5,5,4,5,7,8,8,7,9,2,8,6,6,3,1,1,1,4,4,3,3,3,3,5,6,5,6,6,6,6,6,5
1.10016E+11,270412194,6/21/24 10:11,6/21/24 10:14,147.147.67.240,,,,,8614764473,14,1,Male,10,,1,,6,,,,,,,,,,,,6,4,4,7,7,4,5,3,6,4,1,2,5,2,4,5,2,6,6,2,4,5,4,4,4,1,3,3,3,6,7,6,3,6,6,6,4,2,2,3,4,4,4,5,1,3,4,4,5,6,3,5,1,2,5
1.10016E+11,270412194,6/21/24 9:49,6/21/24 10:10,181.42.185.219,,,,,6618504023,12,2,female,5,,0,Chile,6,,,,,,,,,,,,9,4,3,3,5,3,1,4,6,3,2,5,4,3,4,5,3,6,3,2,6,6,6,6,5,3,4,2,7,3,8,7,4,3,3,1,2,2,3,1,4,3,1,5,2,4,3,4,3,3,2,6,2,2,3
1.10016E+11,270412194,6/21/24 9:49,6/21/24 10:04,188.250.215.70,,,,,183944172,30,1,male,10,,0,Portugal,0,anti-religions,,,,,,,,,,,0,5,5,7,7,5,4,4,6,6,1,3,3,1,5,6,6,2,6,3,6,5,5,1,5,1,4,2,1,1,9,1,1,2,1,2,3,1,1,1,5,5,3,6,3,4,6,6,6,6,6,6,3,2,2
1.10016E+11,270412194,6/21/24 9:48,6/21/24 10:03,41.132.14.253,,,,,2108726524,8,1,Male,1,,0,South Africa,1,,,,,,,,,8,,,98,2,1,3,1,1,6,4,6,4,6,1,1,2,3,4,3,1,3,1,6,1,1,1,2,6,3,3,2,2,5,3,1,4,2,1,4,1,3,1,5,5,4,6,5,5,2,3,4,6,3,2,5,6,6
1.10016E+11,270412194,6/21/24 9:58,6/21/24 10:03,89.64.19.53,,,,,4184635661,6,2,female,10,,0,Poland,6,,,,,,,,,,,,20,4,4,5,7,5,1,4,6,4,1,2,2,1,4,5,4,1,2,1,5,3,6,2,2,1,2,1,1,1,9,2,3,1,2,1,3,2,4,3,2,4,3,2,3,4,4,5,4,5,4,4,3,4,3
1.10016E+11,270412194,6/21/24 9:49,6/21/24 10:03,102.221.251.40,,,,,9418260919,7,2,Female ,1,,0,South African ,1,,,,,,,6,,,,,72,3,5,5,1,1,2,5,6,5,4,6,4,3,5,5,6,3,3,3,4,1,6,5,5,3,6,2,1,2,7,1,6,2,1,1,4,1,3,2,4,4,3,3,4,4,1,4,3,6,4,3,6,5,4
1.10016E+11,270412194,6/21/24 9:56,6/21/24 10:03,109.242.233.78,,,,,4125727165,9,1,Male,10,,0,Greece,1,,,,3,,,,,,,,34,4,2,5,6,4,3,2,5,6,1,4,2,2,4,6,2,5,6,2,3,6,6,6,4,3,2,2,1,3,6,2,2,2,1,3,4,2,3,2,3,3,4,4,3,1,4,5,2,6,4,3,2,4,2
1.10016E+11,270412194,6/21/24 9:48,6/21/24 10:02,189.153.11.200,,,,,3430862586,13,1,Male,5,,8,,6,,,,,,,,,,,,0,3,5,7,7,5,3,5,4,5,2,2,2,2,2,4,2,2,4,2,3,4,5,4,3,2,2,1,1,1,8,7,5,5,1,1,3,1,2,1,3,3,1,6,0,5,6,6,5,6,4,6,0,1,5
1.10016E+11,270412194,6/21/24 9:55,6/21/24 10:02,109.146.198.14,,,,,4838168923,3,2,Female,10,,1,,6,,,,,,,,,,,,28,4,4,7,7,5,3,4,5,5,1,3,4,2,2,4,3,4,3,1,2,4,5,4,4,1,2,6,6,4,8,7,2,3,5,2,3,1,1,2,5,4,4,4,3,3,3,2,3,4,3,4,3,4,3
1.10016E+11,270412194,6/21/24 9:48,6/21/24 10:01,41.4.7.249,,,,,7639198796,6,2,Female,1,,0,South Africa,1,,,,,,5,,,,,,100,1,1,1,1,1,3,4,6,6,6,1,2,6,1,6,2,6,6,4,5,1,6,1,5,6,2,2,2,4,2,1,9,2,1,5,4,1,1,3,4,5,5,5,6,5,0,3,5,6,5,6,5,4,4
1.10016E+11,270412194,6/21/24 9:48,6/21/24 10:01,188.146.124.136,,,,,3865250199,6,2,Non-binary,10,,0,Poland,6,,,,,,,,,,,,50,2,3,6,7,4,1,4,6,6,1,1,1,1,6,6,1,6,1,1,6,1,6,6,6,1,1,2,1,1,6,9,1,7,2,1,5,1,1,1,5,5,5,6,4,1,3,6,1,0,4,6,6,4,0
1.10016E+11,270412194,6/21/24 9:48,6/21/24 9:59,79.170.253.189,,,,,9694623393,7,2,female,10,,0,Czech Republic,6,,,,,,,,,,,,0,4,4,7,7,5,1,2,3,5,1,2,3,1,2,4,2,2,2,2,3,4,6,3,3,2,5,2,8,7,9,8,2,2,1,2,2,1,1,1,5,4,3,4,1,3,4,5,3,6,2,4,0,4,1
1.10016E+11,270412194,6/21/24 9:47,6/21/24 9:59,201.188.145.72,,,,,5.00E+09,25,1,Male,5,,0,Chile,1,,1,,,,,,,,,,0,5,4,6,7,3,2,1,3,6,1,1,4,1,1,1,1,3,6,1,3,3,3,1,4,1,1,2,1,1,3,1,1,3,2,1,3,1,1,3,4,5,4,4,5,6,1,3,5,6,4,4,3,5,4
1.10016E+11,270412194,6/21/24 9:47,6/21/24 9:58,91.141.77.74,,,,,7177180525,2,1,Male,10,,0,Austria,1,,1,,,,,,,,,,10,4,4,6,7,5,2,5,4,6,4,2,5,4,2,5,4,6,5,5,2,4,5,4,4,4,5,1,1,1,3,2,8,1,1,1,4,2,3,1,5,4,3,3,4,4,1,3,4,5,5,4,3,4,4
1.10016E+11,270412194,6/21/24 9:49,6/21/24 9:58,89.39.81.209,,,,,7060681099,3,1,Male,10,,0,Romania,6,,,,,,,,,,,,0,3,3,6,7,4,3,5,6,6,1,3,2,3,4,6,6,6,6,3,6,6,6,6,5,4,3,2,2,1,3,1,9,1,1,1,3,2,2,1,5,5,3,3,3,2,4,6,3,5,6,6,3,4,2
1.10016E+11,270412194,6/21/24 9:47,6/21/24 9:58,2.83.250.170,,,,,1797046952,6,1,Male,10,,0,Portugal,1,,1,,,,,,,,,,10,5,4,6,7,4,5,2,4,6,2,1,2,3,2,3,1,3,4,3,3,2,3,4,2,3,3,1,4,4,6,7,2,6,3,2,2,2,3,5,3,3,4,2,5,6,1,0,6,1,5,4,5,6,5
1.10016E+11,270412194,6/21/24 9:47,6/21/24 9:57,174.90.223.56,,,,,7338556383,11,2,Woman,10,,7,,6,,,,,,,,,,,,10,2,3,5,5,4,2,3,5,4,1,4,3,2,5,6,3,6,5,1,6,3,4,5,3,2,6,2,9,9,8,6,4,5,5,3,4,2,2,1,5,5,2,4,2,3,5,6,3,6,6,6,0,4,3
1.10016E+11,270412194,6/21/24 9:48,6/21/24 9:57,189.163.50.37,,,,,6068915385,3,2,female,5,,2,,6,,,,,,,,,,,,4,4,4,7,7,5,4,2,4,6,1,2,1,1,1,6,3,4,4,1,2,1,6,1,6,1,1,3,2,2,6,5,4,1,1,1,5,1,1,1,5,5,5,5,3,5,3,3,3,3,3,3,3,3,3
1.10016E+11,270412194,6/21/24 9:48,6/21/24 9:56,189.183.219.226,,,,,8735478033,6,1,Male,5,,8,,0,Agnostic,,,,,,,,,,,5,4,3,7,6,4,3,1,6,3,2,3,1,2,2,5,4,6,4,6,5,5,6,6,3,5,5,2,2,1,5,2,7,2,1,1,2,1,1,1,5,5,3,4,3,3,2,4,2,6,4,6,3,3,4
1.10016E+11,270412194,6/21/24 9:47,6/21/24 9:56,79.168.16.91,,,,,9552635938,11,2,Female,7,,0,Portuguese,1,,1,,,,,,,,,,5,3,4,6,6,4,4,5,4,6,2,3,4,2,3,6,6,4,5,1,3,5,6,4,5,1,3,2,8,6,9,9,7,3,2,2,3,1,1,1,5,5,2,4,3,4,2,3,4,6,4,4,4,4,5
1.10016E+11,270412194,6/21/24 9:49,6/21/24 9:56,189.154.32.235,,,,,8325154606,16,1,Masculine,5,,8,,1,,1,,,,,,,,,,80,3,2,4,1,2,2,6,6,6,1,4,2,1,4,3,2,5,4,2,5,6,3,3,4,1,2,2,3,3,9,7,1,7,2,6,3,2,1,1,2,5,3,5,6,5,0,0,5,6,4,3,5,6,5
1.10016E+11,270412194,6/21/24 9:47,6/21/24 9:55,185.167.184.4,,,,,1581400075,12,2,Female,10,,0,Czechia,6,,,,,,,,,,,,1,3,4,7,7,4,1,4,4,1,2,2,1,2,5,3,5,6,1,1,5,1,3,2,1,2,2,2,9,9,9,9,1,9,8,8,4,3,3,4,4,4,4,6,4,3,4,4,5,6,6,4,4,4,3
1.10016E+11,270412194,6/21/24 9:49,6/21/24 9:55,145.14.246.152,,,,,8914233880,4,1,Male,10,,0,Poland,6,,,,,,,,,,,,10,4,4,6,6,5,4,4,5,5,2,3,1,2,4,5,3,1,4,5,4,5,6,5,3,2,2,1,1,1,3,3,7,6,5,2,3,2,1,2,4,4,3,3,4,3,5,4,4,2,3,5,2,4,4
1.10016E+11,270412194,6/21/24 9:49,6/21/24 9:55,105.161.150.54,,,,,8260101485,5,1,Male,1,,0,Kenya,1,,1,,,,,6,,8,,,70,1,1,5,1,1,5,4,2,2,3,3,5,2,4,3,4,4,4,3,4,5,3,4,4,3,4,1,1,1,1,1,9,4,6,5,4,3,3,1,4,5,5,6,6,6,6,2,4,3,4,5,5,3,4
1.10016E+11,270412194,6/21/24 9:47,6/21/24 9:55,197.89.96.109,,,,,3031045075,5,2,Female ,1,,0,South African,6,,,,,,,,,,,,32,4,3,6,4,2,2,5,6,6,1,2,2,3,5,5,4,6,2,2,3,4,5,4,5,2,5,1,3,1,7,5,9,2,1,3,4,1,1,3,5,4,3,5,6,6,4,6,4,6,5,2,6,4,4
1.10016E+11,270412194,6/21/24 9:47,6/21/24 9:55,41.122.83.107,,,,,7386348599,2,2,Female ,1,,0,South Africa,6,,,,,,,,,,,,100,1,1,1,1,1,6,6,6,6,1,1,6,1,4,6,3,6,6,3,6,4,6,4,4,6,6,2,2,1,4,1,3,2,2,2,3,3,1,1,4,5,3,4,5,4,3,3,5,6,5,3,2,4,1
1.10016E+11,270412194,6/21/24 9:47,6/21/24 9:54,200.74.85.102,,,,,5857428764,7,2,Woman,7,,2,,6,,,,,,,,,,,,0,4,5,7,7,5,4,6,3,6,1,1,1,1,4,6,5,5,4,4,6,5,6,6,5,6,1,2,1,1,9,1,7,2,2,1,5,2,2,3,3,3,3,3,4,6,5,5,6,6,3,6,3,3,6
1.10016E+11,270412194,6/21/24 9:49,6/21/24 9:53,142.176.56.156,,,,,1693488188,7,1,Male,10,,7,,1,,1,,,,,,,,,,31,4,4,4,5,4,3,4,6,5,2,2,3,1,3,4,2,5,4,2,5,4,4,5,5,2,4,2,1,3,7,5,3,7,7,5,2,1,2,1,5,4,1,5,3,3,5,6,2,5,3,5,2,4,3
1.10016E+11,270412194,6/21/24 9:47,6/21/24 9:53,101.56.65.210,,,,,1835826564,13,2,female,10,,9,,1,,1,,,,,,,,,,4,4,5,5,7,5,4,5,4,6,1,5,3,1,3,6,5,4,5,3,5,5,6,6,5,1,5,2,2,2,9,6,4,7,7,5,3,1,1,2,5,5,3,1,3,4,3,2,4,3,5,2,2,4,4
1.10016E+11,270412194,6/21/24 9:47,6/21/24 9:52,181.43.212.27,,,,,7344126503,6,1,Male,5,,0,Chile,6,,,,,,,,,,,,5,4,2,7,7,4,4,4,5,5,2,4,1,2,3,5,3,6,3,2,6,4,3,5,4,4,3,2,1,1,6,5,3,2,2,1,3,1,3,3,2,1,3,4,2,5,4,5,6,5,2,5,0,0,4
1.10016E+11,270412194,6/21/24 9:49,6/21/24 9:51,193.136.24.134,,,,,7815983199,5,1,Male,10,,0,Portugal,6,,,,,,,,,,,,,5,4,7,7,5,,,,,,,,,,,,,,,,,,,,,,,,,,,,,,,,,,,,,,,,,,,,,,,,,
1.10016E+11,270412194,6/21/24 9:47,6/21/24 9:48,89.114.75.115,,,,,7038831354,,,,,,,,,,,,,,,,,,,,,,,,,,,,,,,,,,,,,,,,,,,,,,,,,,,,,,,,,,,,,,,,,,,,,,,,,,
1.10016E+11,270409978,6/20/24 21:24,6/21/24 6:52,136.37.179.232,,,,,9872355439,5,2,Female,4,,2,,1,,,,,,,,,8,,,22,3,1,2,7,4,3,4,6,3,2,3,5,4,4,5,5,6,4,3,5,4,6,5,5,3,4,2,1,1,5,2,7,7,1,1,4,1,2,4,4,4,3,5,2,3,4,4,2,5,4,5,4,3,2
1.10016E+11,270409977,6/20/24 16:32,6/21/24 6:13,41.246.165.12,,,,,6809913473,1,2,Female,1,,0,South Africa,1,,1,,,,,6,,,,,81,1,1,2,1,1,6,1,6,6,1,6,3,1,6,6,6,6,5,6,6,6,6,6,6,6,6,2,1,1,9,1,9,2,1,6,4,1,1,5,2,5,5,6,5,2,0,6,2,6,6,6,2,3,3
1.10016E+11,270409978,6/20/24 21:28,6/20/24 22:33,97.91.26.28,,,,,1823585128,1,1,male,10,,2,,6,,,,,,,,,,,,0,1,5,7,7,5,3,4,4,4,1,3,1,1,2,5,2,6,5,4,5,5,4,5,5,2,2,1,3,2,6,3,6,7,5,5,4,2,2,2,3,3,2,6,0,0,6,6,0,6,0,6,0,0,0
1.10016E+11,270409978,6/20/24 22:04,6/20/24 22:22,41.4.28.101,,,,,4136388067,6,2,Female,1,,0,South Africa,1,,,,,,,,,8,,,68,3,1,2,1,1,4,6,4,6,4,1,6,5,4,6,5,6,6,2,3,4,6,4,3,2,4,2,2,1,2,2,5,2,2,2,1,1,1,2,2,5,3,4,4,4,1,3,6,3,5,4,4,6,4
1.10016E+11,270409978,6/20/24 22:02,6/20/24 22:08,71.17.186.94,,,,,6041284851,5,1,Male,10,,7,,1,,,2,,,,,,,,,45,5,1,6,3,2,3,3,6,6,1,6,4,3,5,6,1,6,5,4,6,6,2,6,6,1,5,2,5,5,3,5,4,7,5,6,4,3,4,2,2,4,4,2,5,6,3,3,6,2,4,2,3,5,5
1.10016E+11,270409978,6/20/24 21:32,6/20/24 21:43,105.245.167.34,,,,,29896033,17,1,Male,1,,0,South African ,1,,,,,,,6,,,,,74,2,2,2,1,2,4,2,5,6,3,2,6,6,4,6,3,5,6,5,5,5,5,6,6,6,2,3,4,5,6,7,5,3,4,4,4,1,1,3,4,4,3,3,4,4,1,4,3,4,5,4,4,4,3
1.10016E+11,270409978,6/20/24 21:25,6/20/24 21:42,41.121.31.187,,,,,3644793143,15,2,Female ,1,,0,South Africa ,1,,,,,,,6,,,,,100,3,1,2,1,1,6,6,6,6,3,4,6,1,6,6,6,3,6,5,6,4,6,6,6,6,6,2,2,2,1,1,6,1,1,1,5,1,1,2,5,5,1,4,6,4,2,4,6,6,6,6,5,6,5
1.10016E+11,270409978,6/20/24 21:22,6/20/24 21:41,95.235.44.215,,,,,4911955469,39,2,Female,10,,9,,1,,1,,,,,,,,,,25,4,3,5,7,3,6,2,6,6,1,2,5,1,5,5,5,2,3,5,6,4,5,3,4,6,5,2,2,3,3,5,5,2,2,2,4,2,3,3,2,3,4,2,5,5,3,3,4,4,4,2,4,4,4
1.10016E+11,270409978,6/20/24 21:18,6/20/24 21:40,152.174.2.54,,,,,9592271352,11,1,Male,5,,0,Chile,6,,,,,,,,,,,,8,5,5,7,7,5,4,4,5,4,2,3,3,4,4,5,4,4,4,2,4,3,4,4,4,3,4,4,7,7,9,9,1,2,3,1,3,1,1,3,5,5,2,4,3,3,4,5,2,5,1,1,2,2,2
1.10016E+11,270409978,6/20/24 21:19,6/20/24 21:40,154.159.237.70,,,,,2178014662,17,1,Male ,1,,0,Kenya,1,,,2,,,,,,,,,47,3,3,5,5,3,3,5,6,3,6,4,3,3,5,3,5,4,5,1,6,6,1,1,3,6,6,3,2,4,8,8,1,8,7,5,3,2,2,3,5,5,3,6,4,5,6,5,2,6,2,5,1,3,2
1.10016E+11,270409978,6/20/24 21:24,6/20/24 21:37,105.12.7.37,,,,,8050047378,7,2,Female ,1,,0,South Africa ,1,,,,,,,,,8,,,100,1,1,1,1,1,6,5,1,6,6,3,6,4,6,6,6,4,6,6,5,6,3,5,6,6,6,7,2,2,4,3,9,1,1,1,3,1,1,3,5,5,2,4,6,2,3,4,5,6,3,6,6,4,4
1.10016E+11,270409978,6/20/24 21:22,6/20/24 21:37,201.162.232.39,,,,,6.34E+08,6,1,Male,5,,8,,6,,,,,,,,,,,,13,2,3,7,7,4,6,2,6,6,2,4,5,2,3,5,2,6,6,1,4,6,4,2,5,1,2,8,7,8,9,9,1,6,7,7,1,1,1,1,5,4,4,6,0,1,3,4,3,5,5,6,1,2,2
1.10016E+11,270409978,6/20/24 21:25,6/20/24 21:36,116.255.44.20,,,,,5280152365,33,1,Male ,10,,0,Australian,6,,,,,,,,,,,,0,4,3,6,6,4,3,1,6,6,1,3,5,3,3,6,3,3,6,1,5,5,1,6,6,1,4,1,1,1,7,3,5,4,4,6,3,2,1,3,4,4,3,5,5,6,1,1,6,3,6,3,5,5,5
1.10016E+11,270409978,6/20/24 21:23,6/20/24 21:36,41.122.2.106,,,,,4.39E+09,25,2,Female,1,,0,South African ,1,,1,,,,,,,,,,100,2,1,2,1,2,5,5,6,6,5,6,6,4,6,6,4,6,6,4,6,5,6,4,6,5,6,4,3,2,5,5,5,2,2,2,1,1,1,3,5,5,3,5,4,4,3,6,6,6,4,5,4,4,4
1.10016E+11,270409978,6/20/24 21:20,6/20/24 21:35,201.236.131.250,,,,,8363609815,25,1,male,5,,0,venezuelan,1,,1,,,,,,,,,,42,3,2,5,5,4,6,4,5,6,2,2,5,1,3,6,1,5,5,2,3,5,5,4,5,1,2,4,8,6,7,8,3,7,2,5,3,1,1,2,2,5,4,4,3,2,3,3,2,5,1,2,2,2,3
1.10016E+11,270409978,6/20/24 21:21,6/20/24 21:35,41.144.100.48,,,,,3489945689,12,1,Male,1,,0,South Africa,1,,,,,,,,,,,Christian,55,3,3,4,5,3,4,5,4,5,5,4,5,3,3,4,5,4,5,4,4,4,5,3,5,4,4,5,6,6,6,6,7,6,6,3,3,4,3,4,3,3,3,4,3,3,4,4,4,4,4,3,4,4,3
1.10016E+11,270409978,6/20/24 21:25,6/20/24 21:35,83.99.224.215,,,,,287683464,16,1,Male ,16,,4,,1,,,,,,,6,,,,,0,5,5,7,7,5,3,4,4,6,1,1,1,1,2,6,2,3,1,1,2,2,5,4,1,1,2,2,2,1,1,1,7,2,1,1,5,3,1,4,4,5,5,3,3,6,3,2,6,6,6,3,6,6,6
1.10016E+11,270409978,6/20/24 21:25,6/20/24 21:34,67.176.112.241,,,,,3687392359,11,2,Female,10,,2,,1,,,,,,,,,8,,,55,2,2,6,2,2,1,5,6,2,1,5,3,3,5,6,5,5,6,6,6,5,6,6,5,2,5,2,1,1,2,1,3,2,1,2,3,2,4,1,2,5,1,6,0,3,1,4,2,5,6,1,6,3,1
1.10016E+11,270409978,6/20/24 21:23,6/20/24 21:34,77.137.69.233,,,,,4457233613,26,2,Female,11,,0,Israel,6,,,,,,,,,,,,9,2,5,7,7,5,6,5,5,6,2,2,5,3,2,5,3,5,5,3,4,5,6,5,5,6,3,2,1,2,3,2,7,1,1,1,3,2,2,2,1,4,3,3,1,4,5,5,5,5,4,5,4,3,5
1.10016E+11,270409978,6/20/24 21:26,6/20/24 21:34,24.65.64.254,,,,,1458721491,25,1,Male,10,,7,,6,,,,,,,,,,,,14,4,4,6,7,5,5,3,4,5,1,3,3,3,3,3,3,2,5,2,3,5,3,3,3,2,3,2,6,8,7,6,2,1,1,2,3,2,2,3,4,4,2,2,4,4,3,4,4,4,5,4,2,4,3
1.10016E+11,270409978,6/20/24 21:25,6/20/24 21:33,50.65.120.163,,,,,4199053796,22,1,male,10,,7,,6,,,,,,,,,,,,0,5,5,7,7,5,6,4,6,6,2,5,6,4,5,6,4,5,6,5,4,6,4,5,6,6,4,1,1,1,4,3,5,1,1,1,2,3,2,2,2,3,3,2,4,2,1,2,3,2,4,1,3,4,3
1.10016E+11,270409978,6/20/24 21:20,6/20/24 21:33,37.201.146.156,,,,,6649856022,20,1,Male,10,,4,,6,,,,,,,,,,,,0,4,3,7,7,5,4,1,4,6,1,2,5,1,2,6,1,3,6,1,2,5,1,2,6,4,3,1,1,1,9,6,5,9,7,4,3,1,1,1,5,4,1,6,1,4,6,6,4,6,1,6,0,0,4
1.10016E+11,270409978,6/20/24 21:26,6/20/24 21:33,188.26.223.138,,,,,1793792714,14,1,Male,5,,6,,6,,,,,,,,,,,,11,3,3,7,7,4,3,2,3,5,6,3,3,3,4,5,4,4,3,4,5,4,6,6,4,4,3,1,1,1,4,2,9,2,8,2,3,3,3,3,3,4,3,4,1,2,5,5,2,4,1,5,1,0,1
1.10016E+11,270409978,6/20/24 21:24,6/20/24 21:32,153.240.129.5,,,,,311574414,20,2,Female,5,,2,,6,,,,,,,,,,,,0,4,4,7,7,5,1,2,5,5,1,4,5,1,5,5,2,5,3,1,4,5,6,2,5,1,4,2,4,6,9,7,6,2,2,1,3,1,1,1,5,4,1,4,2,2,5,4,3,3,4,5,1,3,4
1.10016E+11,270409978,6/20/24 21:18,6/20/24 21:32,1.136.24.104,,,,,7.07E+09,9,1,Male,4,,0,Australia,6,,,,,,,,,,,,0,5,4,7,7,4,1,1,5,1,4,4,1,1,5,4,3,4,1,1,5,5,6,4,1,6,4,2,1,1,1,1,9,2,2,1,3,1,1,3,5,5,3,3,3,4,5,5,4,5,4,2,0,3,3
1.10016E+11,270409978,6/20/24 21:16,6/20/24 21:31,189.178.101.243,,,,,5563701213,13,2,woman,0,Asian-Mexican,8,,0,Catholic,,,,,,,,,,,10,5,2,7,7,5,4,6,5,5,5,3,3,3,3,4,4,4,4,5,4,5,6,5,4,5,5,1,1,1,5,2,5,1,1,1,3,1,2,1,3,3,2,4,2,3,3,4,4,4,4,4,2,3,3
1.10016E+11,270409978,6/20/24 21:23,6/20/24 21:31,190.162.20.149,,,,,457232999,11,2,Female,5,,0,Chile,6,,,,,,,,,,,,17,4,3,6,4,4,3,5,4,6,2,1,2,4,2,6,5,6,3,2,4,5,6,6,3,4,1,1,1,1,9,1,8,2,1,1,3,2,1,1,5,5,1,3,4,2,1,3,2,4,5,4,0,6,4
1.10016E+11,270409978,6/20/24 21:15,6/20/24 21:31,74.136.52.101,,,,,7211981982,37,2,female,10,,2,,1,,1,,,,,,,,,,100,1,1,2,1,2,2,2,5,6,1,1,5,5,2,6,6,2,6,4,5,6,6,6,6,6,2,1,4,2,1,1,9,2,2,1,2,2,2,2,5,5,2,1,4,5,2,2,5,4,6,1,4,4,4
1.10016E+11,270409978,6/20/24 21:23,6/20/24 21:31,193.179.121.63,,,,,6925650182,23,1,Male,10,,0,Czech,1,,1,,,,,,,,,,70,2,1,2,1,1,5,4,5,6,3,5,3,2,4,5,2,5,6,4,5,6,5,5,6,3,6,1,1,1,3,2,3,3,3,4,4,2,3,3,3,4,4,3,3,3,2,4,3,4,4,3,3,4,4
1.10016E+11,270409978,6/20/24 21:26,6/20/24 21:31,82.33.7.51,,,,,3534960282,10,1,male,10,,1,,6,,,,,,,,,,,,0,4,5,7,7,5,2,2,5,5,1,1,4,2,2,5,2,6,6,2,4,4,6,6,6,4,4,2,1,1,7,1,9,2,2,2,3,1,1,3,4,4,3,6,2,2,4,6,3,6,3,5,2,4,2
1.10016E+11,270409978,6/20/24 21:19,6/20/24 21:30,41.145.196.197,,,,,6417972817,14,1,Man,1,,0,South African ,1,,,,,,,,,,,ZCC ,92,1,1,1,1,3,6,6,6,6,1,1,2,1,1,5,1,1,5,1,2,6,6,6,6,2,2,3,2,2,5,6,3,2,1,2,1,1,1,1,5,5,1,0,6,6,0,0,6,6,6,3,5,6,6
1.10016E+11,270409978,6/20/24 21:21,6/20/24 21:30,202.150.111.55,,,,,6813872967,35,1,Male,10,,0,NZ European,1,,,,,,,,,,,New Creation Church Christian ! ,70,3,2,2,1,3,4,3,5,5,1,1,5,1,1,5,1,6,5,3,6,5,2,5,5,1,4,4,4,3,8,8,2,7,6,6,1,1,1,1,5,5,2,3,3,3,3,3,3,6,3,5,1,3,3
1.10016E+11,270409978,6/20/24 21:22,6/20/24 21:30,165.49.86.3,,,,,1823989294,11,2,Female,1,,0,South African ,1,,,,,,5,,,,,,60,3,1,6,2,4,1,5,6,6,1,1,6,3,3,6,6,3,6,4,1,1,6,3,6,3,4,2,4,4,5,9,1,4,2,2,5,3,1,1,1,5,3,6,5,5,2,2,5,5,6,3,4,6,5
1.10016E+11,270409978,6/20/24 21:22,6/20/24 21:30,172.58.244.212,,,,,8065638221,21,2,Female ,2,,2,,6,,,,,,,,,,,,26,4,3,6,6,4,6,3,6,6,4,5,5,3,5,6,3,4,6,6,4,5,6,6,5,6,6,2,1,2,5,1,4,7,2,7,3,1,1,3,4,4,3,2,4,3,4,4,4,4,3,5,2,3,3
1.10016E+11,270409978,6/20/24 21:23,6/20/24 21:30,78.80.81.123,,,,,5094430055,12,2,queer,10,,1,,6,,,,,,,,,,,,26,2,5,7,7,5,4,1,5,6,1,1,1,1,1,6,4,6,6,1,4,6,6,6,6,1,2,2,5,5,9,9,1,4,2,2,3,4,2,1,5,5,1,6,0,0,6,6,2,6,6,6,4,4,0
1.10016E+11,270409978,6/20/24 21:24,6/20/24 21:29,189.183.6.133,,,,,8145486533,17,1,MALE,5,,8,,1,,,2,,,,,,,,,95,2,1,2,1,2,4,5,6,6,2,3,4,3,5,6,5,6,6,5,6,6,6,6,5,3,4,2,1,1,6,2,7,6,5,3,3,2,2,1,5,5,5,6,2,3,4,5,4,6,4,5,3,4,5
1.10016E+11,270409978,6/20/24 21:21,6/20/24 21:29,201.188.145.148,,,,,1858692218,13,2,female,5,,0,chile,6,,,,,,,,,,,,0,3,5,7,7,5,2,4,6,6,2,4,3,2,6,6,5,6,5,1,6,6,6,6,6,6,6,2,3,4,9,9,2,2,2,2,1,1,1,1,3,3,1,3,2,6,3,3,6,6,3,5,1,2,5
1.10016E+11,270409978,6/20/24 21:20,6/20/24 21:29,109.133.243.227,,,,,1925540093,44,1,male,10,,0,Belgium,6,,,,,,,,,,,,3,3,4,7,6,4,6,1,4,6,1,1,6,1,2,6,3,5,6,6,3,6,6,5,6,1,3,2,9,7,9,9,1,5,2,2,3,1,1,1,5,5,1,5,5,5,4,3,6,6,5,6,5,5,6
1.10016E+11,270409978,6/20/24 21:23,6/20/24 21:29,172.56.201.64,,,,,49785242,4,2,female,10,,2,,6,,,,,,,,,,,,15,3,3,7,6,4,1,2,5,4,1,3,3,2,3,5,2,4,6,5,4,5,5,4,4,2,5,2,1,1,3,1,9,4,2,2,4,1,1,1,4,4,1,3,5,3,3,4,3,4,4,5,5,6,1
1.10016E+11,270409978,6/20/24 21:22,6/20/24 21:28,201.152.233.59,,,,,5243809896,12,1,male,5,,8,,6,,,,,,,,,,,,1,4,4,6,7,5,4,3,5,4,3,6,2,2,4,6,5,5,3,3,4,2,6,2,2,4,6,1,1,1,9,1,5,2,2,1,4,2,2,1,3,3,2,4,2,3,5,5,4,6,2,5,1,2,3
1.10016E+11,270409978,6/20/24 21:19,6/20/24 21:28,187.188.14.242,,,,,2897612787,7,2,she/her,5,,8,,6,,,,,,,,,,,,13,4,4,7,5,5,2,4,3,6,1,2,1,1,2,6,4,3,5,1,2,3,6,2,4,1,3,2,2,2,9,3,8,1,1,1,1,1,1,2,5,5,1,5,1,0,5,6,1,5,2,6,1,1,1
1.10016E+11,270409978,6/20/24 21:22,6/20/24 21:28,72.229.16.91,,,,,9582473513,8,2,Female,4,,2,,6,,,,,,,,,,,,45,3,4,4,6,3,3,5,5,6,2,3,3,2,2,5,3,3,2,1,4,4,5,6,4,1,3,1,1,1,9,5,9,2,4,1,3,2,2,1,5,4,4,3,3,4,3,4,2,3,2,4,2,3,5
1.10016E+11,270409978,6/20/24 21:18,6/20/24 21:28,102.66.97.170,,,,,4805223559,12,1,Male,1,,0,South African ,6,,,,,,,,,,,,20,3,1,6,6,2,6,2,6,6,1,3,5,2,4,6,1,3,6,4,4,5,3,5,6,3,6,2,2,3,4,3,5,7,4,5,3,3,3,2,4,4,2,2,4,2,3,3,3,5,5,3,4,4,3
1.10016E+11,270409978,6/20/24 21:21,6/20/24 21:27,209.121.12.16,,,,,5865794319,12,2,Female,4,,7,,6,,,,,,,,,,,,5,3,4,7,7,5,3,4,6,6,4,4,4,4,4,4,4,5,4,3,4,3,5,4,3,3,4,2,1,1,9,5,8,2,2,1,4,1,1,1,4,4,4,0,4,3,2,3,3,5,5,4,4,4,5
1.10016E+11,270409978,6/20/24 21:20,6/20/24 21:27,196.21.109.1,,,,,9184536,8,1,Male,2,,0,South Africa,2,,,,,,,,,,,,70,3,2,4,2,2,4,5,6,5,3,4,4,4,4,6,6,6,6,6,6,6,6,6,5,5,5,2,1,1,1,1,8,2,2,2,4,3,3,3,3,5,3,4,4,3,3,4,5,4,4,4,3,4,4
1.10016E+11,270409978,6/20/24 21:20,6/20/24 21:26,49.196.210.173,,,,,8955595393,2,2,Female ,10,,1,,6,,,,,,,,,,,,0,5,5,7,7,5,3,3,6,6,2,3,6,5,4,4,5,5,6,3,4,6,6,6,6,3,4,2,1,1,5,1,9,1,1,1,3,2,2,1,5,4,1,3,3,2,4,4,4,5,4,4,2,5,2
1.10016E+11,270409978,6/20/24 21:15,6/20/24 21:26,196.96.67.111,,,,,8506770489,22,1,Male ,1,,0,Kenya,1,,1,,,,,,,,,,63,1,1,5,1,2,6,4,6,6,1,4,6,1,6,6,1,4,4,1,6,4,1,3,6,6,6,2,5,6,9,9,1,8,8,8,4,2,1,5,5,5,2,0,6,6,0,1,6,4,0,0,5,6,6
1.10016E+11,270409978,6/20/24 21:21,6/20/24 21:26,135.180.104.69,,,,,6.30E+09,18,2,female,4,,2,,1,,,,,,5,,,,,,90,2,1,5,4,1,6,1,6,6,1,1,6,1,1,6,1,6,6,1,2,6,6,6,6,1,6,2,4,5,9,8,1,4,2,1,4,2,2,2,5,5,2,5,4,4,4,5,5,4,5,5,4,5,5
1.10016E+11,270409978,6/20/24 21:24,6/20/24 21:26,216.197.246.120,,,,,3102584076,9,1,guy,10,,7,,6,,,,,,,,,,,,,,,,,,,,,,,,,,,,,,,,,,,,,,,,,,,,,,,,,,,,,,,,,,,,,,,,,,
1.10016E+11,270409978,6/20/24 21:19,6/20/24 21:25,105.4.7.81,,,,,9699852356,12,2,Female ,1,,0,South African ,1,,,,,,,,,,9,,89,3,1,1,1,2,6,4,6,5,4,2,5,5,6,6,6,6,6,6,5,6,6,3,6,4,4,2,2,1,3,1,8,2,2,1,5,1,1,1,5,5,5,5,6,3,2,3,4,5,6,3,6,6,5
1.10016E+11,270409978,6/20/24 21:19,6/20/24 21:24,41.135.222.76,,,,,8716862639,14,1,Male,1,,0,south african,6,,,,,,,,,,,,9,4,1,7,6,2,4,2,6,6,1,6,4,1,3,5,4,5,4,1,6,5,4,3,4,4,6,2,1,2,9,4,1,7,7,5,3,2,1,4,3,5,3,1,6,4,0,3,5,4,4,3,4,3,4
1.10016E+11,270409978,6/20/24 21:17,6/20/24 21:24,181.234.222.104,,,,,9992988673,6,1,Male,5,,0,Colombian,6,,,,,,,,,,,,0,5,4,7,7,5,1,3,6,6,1,4,2,1,2,4,2,6,3,5,6,6,4,4,1,1,6,2,1,1,1,1,4,2,1,1,3,3,5,1,5,5,5,6,3,3,5,5,3,3,2,6,3,3,4
1.10016E+11,270409978,6/20/24 21:14,6/20/24 21:24,176.78.177.157,,,,,598101785,5,2,Non-binary,10,,0,Portugal,6,,,,,,,,,,,,11,4,5,6,7,3,3,2,5,5,1,4,3,1,3,5,1,3,4,1,3,5,4,4,2,1,1,1,2,2,9,9,1,9,9,9,4,2,2,2,3,3,3,4,3,3,4,3,3,4,3,4,2,2,3
1.10016E+11,270409978,6/20/24 21:13,6/20/24 21:23,102.220.144.2,,,,,7113875991,12,2,Female ,1,,0,South African ,1,,,,,,,,,,,Apostolic ,100,1,1,1,1,2,6,3,6,6,1,4,5,3,3,5,1,5,6,4,5,2,6,3,5,5,6,2,2,2,5,5,4,6,6,7,3,2,2,3,4,4,3,6,6,3,1,1,3,6,5,3,4,6,4
1.10016E+11,270409978,6/20/24 21:16,6/20/24 21:23,181.160.115.26,,,,,7117968104,8,1,Male,5,,0,Chile,1,,1,,,,,,,,,,10,5,3,7,7,4,5,5,4,6,1,3,1,1,3,6,3,3,5,3,5,2,3,6,6,1,4,7,5,4,3,7,7,6,5,2,5,2,4,2,4,2,4,6,1,4,3,5,5,5,5,6,2,1,6
1.10016E+11,270409978,6/20/24 21:14,6/20/24 21:21,187.170.58.91,,,,,6087507655,6,2,female,5,,8,,0,agnostic,,,,,,,,,,,10,4,4,7,6,4,2,5,6,5,1,1,4,3,2,5,4,4,3,1,2,4,6,5,3,1,2,3,6,6,9,9,2,5,3,3,3,1,1,1,5,5,3,5,4,4,1,3,2,5,4,6,0,1,1
1.10016E+11,270409978,6/20/24 21:15,6/20/24 21:20,105.209.161.114,,,,,2126520468,12,2,Female,1,,0,Zimbabwe ,1,,1,,,,,,,,,,65,3,3,5,2,3,2,2,6,5,1,2,6,1,2,5,3,4,5,1,5,4,5,4,5,1,6,1,2,1,6,2,9,2,2,2,3,2,2,1,5,5,3,2,4,4,4,4,6,4,4,5,3,4,4
1.10016E+11,270409978,6/20/24 21:14,6/20/24 21:20,86.140.198.188,,,,,5.21E+08,34,2,Female,10,,1,,1,,1,,,,,,,,,,10,5,4,7,7,5,5,4,6,6,3,3,4,1,3,5,2,2,4,1,3,3,2,2,3,4,4,2,9,9,9,9,2,3,2,2,2,1,1,1,5,5,1,2,5,4,1,2,5,5,5,2,4,5,5
1.10016E+11,270409978,6/20/24 21:12,6/20/24 21:18,24.246.69.136,,,,,3858092272,29,1,Male,4,,7,,6,,,,,,,,,,,,10,4,4,7,7,5,4,2,5,6,2,3,4,3,3,5,1,2,6,3,4,5,6,5,6,2,3,2,2,1,7,3,5,2,2,2,2,2,2,2,4,4,3,3,4,5,3,3,5,6,5,3,4,4,5
1.10016E+11,270409977,6/20/24 18:00,6/20/24 18:13,92.137.94.205,,,,,3655647042,25,2,Female,11,,5,,6,,,,,,,,,,,,0,5,4,6,7,5,4,5,6,6,6,4,4,2,4,5,3,5,6,2,5,6,6,5,6,1,4,2,1,1,2,1,7,2,2,2,4,2,4,1,5,5,1,3,2,2,3,2,4,4,4,2,2,4,5
1.10016E+11,270409977,6/20/24 18:00,6/20/24 18:11,91.204.204.76,,,,,6101310894,5,1,Male,10,,0,Poland,1,,1,,,,,,,,,,30,4,4,5,6,4,6,1,6,6,1,1,3,1,6,6,6,6,5,6,6,6,6,6,4,1,6,2,1,1,2,1,9,1,1,1,5,1,1,4,4,5,4,0,4,4,2,1,4,3,4,1,2,4,4
1.10016E+11,270409977,6/20/24 17:35,6/20/24 17:52,109.81.113.252,,,,,1275098649,23,1,Male,10,,0,Czech,6,,,,,,,,,,,,5,4,4,6,7,4,3,2,4,5,3,2,5,1,2,5,2,3,5,1,4,4,2,3,5,3,3,3,1,1,9,9,2,9,4,9,3,3,3,1,4,4,3,5,1,3,6,6,2,6,1,6,1,1,1
1.10016E+11,270409977,6/20/24 17:16,6/20/24 17:32,201.145.80.202,,,,,8592291237,15,2,female,5,,8,,1,,,,,,,,,,,,,,,,,,,,,,,,,,,,,,,,,,,,,,,,,,,,,,,,,,,,,,,,,,,,,,,,,,
1.10016E+11,270409977,6/20/24 16:58,6/20/24 17:10,187.235.151.22,,,,,982358902,13,1,Male,5,,8,,1,,1,,,,,,,,,,70,2,1,2,1,2,3,1,4,5,1,1,1,1,1,2,1,4,5,1,1,2,1,2,2,1,2,8,9,9,5,3,7,2,2,1,4,2,1,2,5,4,3,3,4,2,3,5,4,3,4,1,3,5,5
1.10016E+11,270409977,6/20/24 16:32,6/20/24 17:04,41.191.228.82,,,,,1724163497,12,1,male,1,,0,Kenyan,1,,1,,,,,,,,,,18,4,2,6,6,4,2,1,6,3,1,6,2,1,5,3,6,6,1,1,5,1,5,6,2,5,6,5,2,5,8,9,1,8,7,8,5,1,1,1,5,5,3,6,1,6,2,4,4,6,1,1,0,5,5
1.10016E+11,270409977,6/20/24 16:33,6/20/24 16:58,189.217.94.104,,,,,234774472,15,2,Female,5,,8,,6,,,,,,,,,,,,1,4,3,7,5,3,2,5,6,6,2,4,3,2,5,6,4,6,6,5,4,6,6,6,4,6,2,2,1,1,6,2,8,6,4,4,1,1,1,1,4,4,2,4,4,5,4,4,5,6,4,4,2,3,2
1.10016E+11,270409977,6/20/24 16:34,6/20/24 16:54,201.170.243.138,,,,,5513636509,12,2,Female,5,,8,,6,,,,,,,,,,,,1,4,2,7,6,3,5,5,5,5,1,2,3,6,3,6,6,5,6,6,6,5,6,5,6,6,6,2,1,2,3,1,9,2,1,1,3,1,2,3,5,5,3,3,6,6,0,1,6,3,6,3,3,5,6
1.10016E+11,270409977,6/20/24 16:34,6/20/24 16:53,184.145.19.55,,,,,6834633873,51,2,female,10,,7,,1,,,2,,,,,,,,,6,3,3,7,6,4,5,1,6,6,1,4,5,1,5,6,1,5,6,1,5,6,6,6,6,1,2,2,4,5,8,5,2,3,2,3,5,1,2,3,5,5,4,0,6,2,0,1,6,5,6,1,5,6,5
1.10016E+11,270409977,6/20/24 16:30,6/20/24 16:52,170.199.24.72,,,,,8923390075,32,1,male,10,,7,,6,,,,,,,,,,,,0,5,5,7,7,5,2,3,4,1,2,2,1,2,3,1,3,4,1,1,5,1,2,3,1,2,4,2,2,1,9,8,2,4,2,2,3,4,4,2,3,4,2,4,3,3,4,3,4,5,3,2,3,3,4
1.10016E+11,270409977,6/20/24 16:32,6/20/24 16:52,201.175.235.122,,,,,5432066287,15,2,Female,5,,8,,0,Catholic,,,,,,,,,,,14,3,3,6,5,5,2,3,5,6,1,4,3,4,3,6,4,4,4,2,5,6,6,3,5,2,4,4,8,9,9,9,1,8,6,7,4,1,1,2,5,5,2,5,3,2,4,6,4,6,4,6,2,4,4
1.10016E+11,270409977,6/20/24 16:28,6/20/24 16:50,190.100.60.181,,,,,1048783669,26,1,Masculine,5,,0,Chilean,6,,,,,,,,,,,,0,3,4,7,7,5,5,2,5,6,2,3,5,1,2,5,1,4,6,1,3,5,3,2,4,1,3,3,1,7,9,8,1,7,5,3,3,2,2,1,5,4,2,5,2,4,4,5,2,5,1,4,3,2,3
1.10016E+11,270409977,6/20/24 16:41,6/20/24 16:49,102.69.227.134,,,,,8483382529,11,1,Male,1,,0,Kenya,2,,,,,,,,,,,,100,3,1,1,1,3,4,5,6,6,4,4,4,4,3,5,4,4,5,4,5,5,4,3,6,6,4,1,3,3,5,5,5,6,2,2,3,3,3,3,5,5,4,4,4,4,4,5,5,6,6,4,4,6,5
1.10016E+11,270409977,6/20/24 16:33,6/20/24 16:48,105.4.7.200,,,,,9761416399,28,2,Female,1,,0,South African,1,,,,,,,,7,,,,81,3,2,5,1,2,6,3,6,6,1,4,6,2,5,6,5,5,6,6,4,6,6,5,5,6,5,2,2,1,1,1,9,2,2,2,4,2,2,3,4,4,4,4,4,4,5,5,5,5,4,4,4,4,4
1.10016E+11,270409977,6/20/24 16:25,6/20/24 16:48,109.173.222.231,,,,,7213068059,31,1,Male,6,,0,Poland,1,,1,,,,,,,,,,55,3,2,6,1,2,3,2,6,6,2,2,3,2,4,6,1,5,4,2,3,2,3,3,5,3,4,2,4,4,5,5,5,8,8,8,2,1,1,2,5,5,3,3,3,6,2,2,6,4,4,4,4,4,6
1.10016E+11,270409977,6/20/24 16:28,6/20/24 16:48,134.148.74.236,,,,,1940120565,17,2,female,10,,0,turkey,6,,,,,,,,,,,,0,5,4,7,6,4,1,1,2,6,3,4,6,1,6,5,6,3,4,4,6,6,6,2,4,1,5,2,3,4,6,7,1,3,2,2,5,1,2,1,1,5,2,5,3,3,3,2,4,1,3,5,1,1,2
1.10016E+11,270409977,6/20/24 16:28,6/20/24 16:47,41.114.6.77,,,,,8330083497,13,2,female,1,,0,south africa,1,,,,,,5,,,,,,50,4,2,6,5,3,5,1,5,4,1,3,3,1,4,3,5,4,6,2,6,2,6,2,3,2,6,2,1,1,7,1,5,2,2,3,3,2,3,3,4,4,3,3,4,4,3,3,3,3,3,3,4,5,3
1.10016E+11,270409977,6/20/24 16:34,6/20/24 16:47,201.174.28.234,,,,,122842776,8,2,female,5,,8,,1,,1,,,,,,,,,,70,4,2,5,3,2,4,5,6,5,2,3,3,5,6,6,5,6,5,5,6,6,5,5,6,6,6,2,3,4,4,6,3,4,3,1,3,1,2,2,4,4,2,5,5,5,3,3,5,5,3,4,1,3,4
1.10016E+11,270409977,6/20/24 16:33,6/20/24 16:47,102.129.52.6,,,,,5944270378,7,1,Male,1,,0,South African,1,,,2,,,,,,,,,85,3,1,2,1,1,6,6,6,6,6,6,6,6,6,6,6,6,6,6,6,6,4,4,6,5,6,5,3,3,3,6,4,3,1,2,3,3,3,3,4,5,1,3,6,5,3,4,6,6,6,5,6,6,6
1.10016E+11,270409977,6/20/24 16:22,6/20/24 16:47,37.189.183.174,,,,,5069253058,11,1,Male,10,,0,Portugal,6,,,,,,,,,,,,0,4,4,7,7,5,3,3,3,3,3,3,3,3,3,3,3,3,2,2,2,2,2,2,2,3,3,6,8,6,5,5,5,5,5,5,3,3,3,3,3,3,3,5,4,5,5,3,3,3,3,3,3,3,3
1.10016E+11,270409977,6/20/24 16:32,6/20/24 16:46,37.189.150.150,,,,,3059102561,23,1,Male,10,,0,Portugal,1,,1,,,,,,,,,,10,4,4,6,5,4,2,4,5,4,1,1,4,1,4,5,4,4,5,3,4,4,4,5,3,3,4,2,1,1,8,7,6,6,6,6,4,2,3,3,4,4,3,2,5,5,2,4,4,4,5,1,5,5,4
1.10016E+11,270409977,6/20/24 16:34,6/20/24 16:45,41.4.5.115,,,,,1764813836,10,2,Female ,1,,0,South Africa,1,,,,,,,,,8,,,100,1,1,2,1,1,4,4,6,6,6,6,4,6,1,6,1,6,6,6,6,3,6,6,6,6,6,1,3,1,1,1,9,3,2,7,5,1,1,5,5,5,5,6,6,6,0,6,6,6,6,0,6,6,6
1.10016E+11,270409977,6/20/24 16:33,6/20/24 16:45,189.34.200.152,,,,,1778784368,15,1,Male,5,,0,Brazil,6,,,,,,,,,,,,0,5,4,7,7,5,6,3,6,6,1,3,1,1,5,5,3,4,6,1,5,5,2,6,5,3,6,2,9,9,9,9,1,6,2,2,4,1,2,2,5,5,5,3,3,5,3,5,6,6,5,5,3,6,6
1.10016E+11,270409977,6/20/24 16:33,6/20/24 16:45,188.250.242.119,,,,,6164816520,8,2,Female,10,,0,Portugal ,1,,1,,,,,,,,,,41,2,3,6,6,3,1,6,2,5,1,4,1,5,4,6,6,5,6,6,4,6,6,6,5,4,5,2,1,1,5,1,9,1,1,1,2,1,1,1,5,5,5,3,4,3,3,4,3,4,5,4,4,3,3
1.10016E+11,270409977,6/20/24 16:30,6/20/24 16:44,187.222.17.118,,,,,8571776574,7,1,Male,5,,8,,1,,1,,,,,,,,,,77,4,1,4,3,3,1,6,6,6,1,2,3,3,3,3,3,3,3,3,3,3,3,3,3,6,6,3,2,2,9,5,1,4,3,3,4,3,2,2,5,5,5,3,3,4,3,3,4,4,4,2,3,5,4
1.10016E+11,270409977,6/20/24 16:30,6/20/24 16:44,83.177.178.37,,,,,7213021799,8,1,Male,1,,0,Eritrea,1,,,,3,,,,,,,,100,2,1,2,1,1,5,4,6,6,3,1,3,5,1,3,5,5,5,4,3,4,6,2,5,6,3,1,1,1,4,1,9,1,1,1,3,2,3,2,4,4,3,3,4,3,3,3,4,3,5,3,4,6,3
1.10016E+11,270409977,6/20/24 16:31,6/20/24 16:44,181.234.222.104,,,,,7730275301,5,2,Female,5,,0,Colombia,0,Agnostic ,,,,,,,,,,,5,3,4,7,7,4,3,5,6,6,3,2,4,3,4,6,5,5,5,3,5,5,6,6,4,2,6,2,4,4,9,5,5,2,2,1,3,2,1,3,5,4,4,4,3,4,4,4,3,5,4,5,1,3,3
1.10016E+11,270409977,6/20/24 16:32,6/20/24 16:44,189.172.206.42,,,,,89452431,13,2,Female,5,,8,,0,Catholic,,,,,,,,,,,5,5,3,6,6,3,1,3,3,5,1,3,1,1,3,5,2,3,5,2,3,4,6,3,3,2,3,1,6,6,9,9,1,5,5,7,3,1,1,2,5,5,4,4,3,1,2,1,2,4,3,4,1,3,3
1.10016E+11,270409977,6/20/24 16:32,6/20/24 16:44,94.132.113.112,,,,,8742254006,3,2,female,10,,0,Portuguese,1,,1,,,,,,,,,,60,2,2,3,2,3,5,4,4,6,2,2,4,3,1,5,2,1,3,5,3,3,6,2,3,2,3,2,2,1,4,2,5,5,4,2,4,3,2,1,4,4,2,3,2,4,4,2,5,3,6,4,5,6,5
1.10016E+11,270409977,6/20/24 16:38,6/20/24 16:43,187.145.90.252,,,,,1586483668,12,1,masculine,5,,8,,0,Atheist,,,,,,,,,,,0,5,5,7,7,5,6,1,6,6,1,3,4,1,3,6,3,5,6,1,4,6,3,5,6,2,4,2,8,8,9,9,1,6,6,6,5,1,1,1,5,5,2,3,3,5,6,6,5,6,4,6,4,5,5
1.10016E+11,270409977,6/20/24 16:28,6/20/24 16:43,216.197.138.215,,,,,385494730,44,2,Female,10,,7,,1,,1,,,,,,,,,,68,4,1,6,1,1,1,1,5,4,1,4,3,2,3,4,3,4,2,3,4,4,5,2,4,2,2,2,2,3,9,8,2,1,2,2,2,1,1,1,5,5,1,2,2,2,1,1,2,4,5,1,1,1,4
1.10016E+11,270409977,6/20/24 16:29,6/20/24 16:42,197.92.19.157,,,,,1740339961,23,2,Woman,0,Indian,0,South Africa,1,,,,,,,,,,,Full Gospel,100,2,1,2,1,1,6,6,6,6,4,6,6,4,4,6,4,6,6,4,6,6,6,6,6,6,4,2,2,1,1,1,9,1,1,1,4,1,1,3,3,3,3,3,3,1,3,3,1,2,3,3,4,4,3
1.10016E+11,270409977,6/20/24 16:21,6/20/24 16:42,95.95.64.85,,,,,1482426098,55,2,heterosexual,10,,0,Portugal,0,Pagan,,,,,,,,,,,50,3,3,5,5,3,5,4,3,5,3,3,5,3,4,5,3,4,3,5,4,5,5,3,5,6,3,1,2,1,6,2,7,2,2,2,2,1,1,2,5,4,3,4,3,4,4,5,5,5,2,3,2,3,5
1.10016E+11,270409977,6/20/24 16:33,6/20/24 16:42,89.155.239.94,,,,,5385736068,4,2,female,10,,0,Portugal,6,,,,,,,,,,,,15,3,4,7,7,4,1,2,3,4,3,2,2,1,1,2,3,4,5,1,2,3,5,3,3,2,3,1,1,1,7,3,6,2,1,2,3,1,1,1,5,5,2,3,3,0,2,4,3,3,4,4,3,4,3
1.10016E+11,270409977,6/20/24 16:27,6/20/24 16:42,92.16.8.163,,,,,4356193943,9,1,Male,12,,1,,1,,1,,,,,,,,,,70,3,1,5,1,1,3,4,5,6,2,3,3,1,2,4,1,4,5,3,5,3,6,1,3,6,4,2,2,2,4,1,5,3,2,2,3,1,1,1,3,5,1,3,5,4,5,5,4,6,2,5,2,4,3
1.10016E+11,270409977,6/20/24 16:33,6/20/24 16:42,221.145.96.70,,,,,4523610013,46,1,XY-MALE,10,,2,,1,,,2,,,,,,,,Evangelical,80,2,1,2,1,1,6,6,6,6,6,5,5,6,5,6,6,5,5,6,6,5,6,3,5,5,2,2,1,1,1,1,9,1,1,1,4,3,3,3,3,3,3,2,5,5,2,2,5,2,5,2,5,5,5
1.10016E+11,270409977,6/20/24 16:25,6/20/24 16:42,41.114.202.102,,,,,1042744342,9,1,Male,1,,0,South Africa,1,,,,,,,6,,,,,55,3,2,5,1,2,6,5,6,6,1,2,4,2,6,5,3,3,6,4,6,2,1,2,3,3,1,6,4,4,6,9,2,9,9,9,4,2,3,3,5,3,4,4,5,4,4,5,6,6,1,3,4,4,4
1.10016E+11,270409977,6/20/24 16:33,6/20/24 16:42,159.253.108.60,,,,,9213584760,2,2,Female,16,,0,Slovakia ,6,,,,,,,,,,,,0,5,5,7,7,5,5,3,6,6,1,3,3,3,3,3,5,5,5,3,5,4,6,6,5,5,6,1,1,1,9,8,1,4,5,3,3,1,1,1,5,4,1,6,0,3,5,5,3,4,3,5,2,2,3
1.10016E+11,270409977,6/20/24 16:31,6/20/24 16:42,1.128.107.45,,,,,4073829183,69,1,male,10,,0,australia,1,,1,,,,,,,,,,1,4,4,6,7,4,1,2,3,3,4,2,3,4,1,5,1,2,3,1,3,3,4,1,5,5,1,1,5,7,9,7,1,3,2,1,2,2,3,2,5,4,2,2,5,5,1,3,4,6,4,3,3,4,4
1.10016E+11,270409977,6/20/24 16:38,6/20/24 16:42,96.52.112.36,,,,,6952420662,14,1,Male ,10,,7,,1,,,2,,,,,,,,,71,3,2,2,2,3,5,4,4,6,3,4,6,3,2,4,3,5,6,6,4,4,5,4,5,6,6,3,2,2,7,7,4,5,5,5,3,3,2,2,3,3,2,3,3,4,3,3,4,4,2,2,3,3,3
1.10016E+11,270409977,6/20/24 16:30,6/20/24 16:41,196.39.247.243,,,,,2660214372,11,2,Female,7,,0,South African,1,,,,,,,,,,,Congregationalist,63,3,1,3,2,1,5,5,4,5,4,5,4,3,3,4,2,3,3,4,3,2,5,6,4,1,6,2,4,3,1,1,9,2,1,1,3,1,1,2,5,5,3,2,4,1,0,6,1,6,2,5,4,4,5
1.10016E+11,270409977,6/20/24 16:31,6/20/24 16:41,82.155.196.78,,,,,4749993679,9,2,Female,10,,0,Portugal,6,,,,,,,,,,,,0,4,4,7,6,4,2,6,6,6,1,3,3,2,3,5,3,6,6,2,5,5,6,4,5,2,4,2,5,1,8,2,7,1,1,1,3,1,1,1,5,5,2,4,2,4,3,5,5,5,3,5,3,3,5
1.10016E+11,270409977,6/20/24 16:31,6/20/24 16:41,189.203.106.69,,,,,6104598106,21,2,woman,5,,8,,6,,,,,,,,,,,,1,5,4,7,7,5,5,6,6,6,1,5,4,2,5,6,6,5,6,4,6,6,6,5,6,4,6,2,2,2,9,1,3,1,1,1,4,4,2,2,5,4,3,4,2,4,5,6,3,6,4,6,2,3,4
1.10016E+11,270409977,6/20/24 16:32,6/20/24 16:41,154.127.114.254,,,,,4490720323,4,2,female,1,,0,South Africa,1,,,,,,,6,,,,,100,4,1,4,1,1,3,2,5,5,1,2,3,4,3,4,2,5,5,3,3,4,6,3,4,6,4,2,2,1,3,1,1,2,1,1,4,1,2,3,5,5,4,1,6,1,1,1,3,4,5,2,5,5,3
1.10016E+11,270409977,6/20/24 16:30,6/20/24 16:41,97.120.116.142,,,,,1868318706,17,2,Female,10,,2,,1,,,,,,,,,,,Nondenominational,50,3,1,7,1,5,2,6,4,6,6,1,4,6,3,5,6,4,5,6,3,6,6,3,5,6,4,1,1,1,5,1,7,2,1,1,3,1,3,1,5,4,3,3,3,3,3,4,4,3,5,4,3,5,4
1.10016E+11,270409977,6/20/24 16:37,6/20/24 16:41,217.211.79.242,,,,,498504105,1,1,Male,10,,0,Swedish,6,,,,,,,,,,,,10,4,4,6,7,5,1,2,5,5,2,2,6,4,2,4,4,3,4,2,4,3,4,4,2,2,2,1,1,1,7,8,5,6,2,2,4,4,3,4,4,4,3,4,4,5,4,3,4,4,5,4,4,5,4
1.10016E+11,270409977,6/20/24 16:34,6/20/24 16:41,103.212.54.148,,,,,3723062401,34,2,Female,0,NZ Māori / Pākeha (European) mixed,0,New Zealand,6,,,,,,,,,,,,0,4,5,7,7,5,2,3,6,6,1,2,6,2,3,6,3,3,6,1,3,6,6,2,5,1,2,1,9,9,9,9,1,2,2,1,2,1,1,1,5,5,1,2,5,2,5,4,4,6,6,2,5,5,4
1.10016E+11,270409977,6/20/24 16:34,6/20/24 16:40,187.190.140.31,,,,,3204191604,26,2,Female,5,,8,,0,Atheist,,,,,,,,,,,2,4,5,6,7,5,4,3,5,5,1,2,3,2,3,5,3,4,5,2,3,5,6,5,2,2,3,2,1,1,5,3,7,3,2,2,4,2,1,3,4,4,4,5,3,4,5,5,4,5,3,5,3,3,4
1.10016E+11,270409977,6/20/24 16:25,6/20/24 16:40,32.218.125.22,,,,,7977558122,23,1,Male,10,,2,,1,,,,,,,,,,,Grace community life,100,2,1,4,2,1,6,6,6,6,1,6,6,6,6,6,1,6,6,6,6,6,6,6,6,1,1,2,2,2,5,5,9,2,2,3,3,1,1,1,5,5,5,0,6,6,0,0,6,4,6,0,3,6,6
1.10016E+11,270409977,6/20/24 16:32,6/20/24 16:40,41.13.192.70,,,,,5784808388,8,1,Male ,1,,0,South Africa ,1,,1,,,,,,,,,,85,1,1,2,1,1,4,6,6,6,1,1,1,2,6,1,6,6,6,6,6,1,6,3,4,2,5,2,2,2,1,1,2,3,2,2,3,1,2,1,4,5,3,5,6,6,1,5,6,6,5,3,6,6,6
1.10016E+11,270409977,6/20/24 16:34,6/20/24 16:40,142.198.18.171,,,,,2296655058,54,2,female,10,,7,,6,,,,,,,,,,,,0,4,5,7,7,5,1,2,3,5,1,5,5,4,3,6,5,3,5,2,3,3,5,2,6,3,3,1,3,3,7,7,4,3,2,2,3,2,2,3,4,4,3,5,3,2,4,4,3,5,2,5,2,3,4
1.10016E+11,270409977,6/20/24 16:32,6/20/24 16:40,189.193.91.72,,,,,5839990873,5,1,Male,5,,8,,6,,,,,,,,,,,,10,4,4,6,6,4,3,3,6,4,2,4,3,3,5,3,2,3,4,2,5,3,3,3,4,2,3,3,1,3,7,6,2,5,3,6,3,3,4,4,2,3,2,4,2,3,5,5,3,3,3,4,5,4,2
1.10016E+11,270409977,6/20/24 16:27,6/20/24 16:40,105.244.17.68,,,,,9057266547,14,2,Female,1,,0,South African,6,,,,,,,,,,,,0,4,4,7,7,4,3,5,6,5,3,4,3,3,6,6,6,4,6,3,6,5,6,6,6,2,6,1,2,3,5,1,3,2,2,4,5,3,1,1,4,5,3,5,2,1,5,5,1,6,1,6,1,1,0
1.10016E+11,270409977,6/20/24 16:31,6/20/24 16:40,105.224.83.70,,,,,7432749956,5,1,male,1,,0,south african,1,,,,,,,,,,,seventh day adventist,80,3,1,1,1,2,2,2,5,6,1,2,2,3,6,2,3,6,6,4,6,6,6,6,5,6,4,1,1,1,5,1,7,3,3,2,3,1,1,3,4,5,3,4,4,5,4,3,3,6,6,4,2,4,3
1.10016E+11,270409977,6/20/24 16:23,6/20/24 16:40,190.44.238.219,,,,,3208503908,8,1,male,5,,0,Chile,6,,,,,,,,,,,,30,2,2,6,6,3,4,4,3,6,1,2,3,2,2,2,3,4,3,3,4,2,6,4,2,2,3,2,1,1,4,2,3,2,1,1,4,1,3,1,4,4,3,2,6,5,3,3,6,4,4,5,3,3,5
1.10016E+11,270409977,6/20/24 16:33,6/20/24 16:40,176.107.34.142,,,,,738895074,9,1,Male,10,,0,Poland,1,,1,,,,,,,,,,5,4,4,6,7,5,2,2,5,5,2,2,2,4,3,4,3,5,4,3,4,5,5,4,3,4,3,1,1,1,1,1,5,6,2,1,3,2,3,2,3,3,3,4,3,3,3,3,3,4,3,3,3,2,2
1.10016E+11,270409977,6/20/24 16:32,6/20/24 16:40,82.132.232.154,,,,,7837272291,14,2,Female,10,,0,Poland,1,,1,,,,,,,,,,14,5,4,5,7,5,2,3,6,6,1,1,1,1,4,2,3,3,2,3,5,2,6,5,3,2,6,1,1,1,9,3,6,2,2,2,2,1,1,1,5,5,4,4,1,3,0,4,4,4,5,5,4,5,3
1.10016E+11,270409977,6/20/24 16:32,6/20/24 16:39,41.13.136.220,,,,,2374898426,13,2,female,1,,0,south africa,1,,,,,,,,,8,,,92,2,1,1,1,1,3,6,6,6,4,4,3,3,3,6,4,4,1,6,1,3,2,4,2,4,4,2,2,2,1,2,9,1,1,1,5,1,1,2,2,5,3,4,3,3,4,4,3,3,6,3,4,4,3
1.10016E+11,270409977,6/20/24 16:30,6/20/24 16:39,1.145.66.106,,,,,8753896170,7,2,Female,10,,0,Australia ,1,,,,,,,,,,,Jehovah’s Witness,100,1,1,1,1,2,5,6,6,5,6,2,5,6,3,6,6,4,6,6,4,5,6,4,5,6,4,1,3,4,1,1,8,2,1,1,3,1,1,4,4,5,4,5,3,3,5,2,5,5,4,6,2,1,3
1.10016E+11,270409977,6/20/24 16:31,6/20/24 16:39,187.188.243.179,,,,,5192137338,13,1,Male,5,,8,,1,,1,,,,,,,,,,0,5,5,7,7,5,6,1,6,6,1,1,3,1,1,3,1,6,6,1,2,6,6,3,4,1,4,4,3,3,9,9,1,7,4,2,5,1,1,3,5,5,1,4,4,4,4,4,4,6,4,5,0,0,5
1.10016E+11,270409977,6/20/24 16:32,6/20/24 16:39,174.112.214.154,,,,,7507695311,9,1,Male,4,,7,,6,,,,,,,,,,,,0,4,5,7,7,5,2,3,6,5,3,2,3,3,2,4,3,5,3,2,5,6,2,2,4,1,3,1,1,1,7,6,8,4,2,3,4,1,3,1,5,5,3,4,5,5,5,3,4,6,2,4,3,3,4
1.10016E+11,270409977,6/20/24 16:32,6/20/24 16:39,91.166.55.143,,,,,2020839493,32,1,Male,10,,5,,6,,,,,,,,,,,,1,5,5,7,7,5,3,2,5,5,1,4,5,4,2,6,6,5,6,2,4,6,6,6,4,1,6,1,6,6,6,6,4,4,4,7,4,2,2,2,4,4,4,4,4,4,4,4,4,4,4,4,4,4,4
1.10016E+11,270409977,6/20/24 16:29,6/20/24 16:39,86.189.159.135,,,,,3247530684,1,1,male,6,,1,,6,,,,,,,,,,,,0,5,4,7,7,5,1,5,6,6,1,4,3,2,2,2,3,6,6,2,4,3,6,6,4,1,5,1,1,1,8,6,3,9,7,4,4,1,1,1,5,4,4,3,4,1,2,4,4,5,3,5,3,5,3
1.10016E+11,270409977,6/20/24 16:33,6/20/24 16:39,94.132.97.202,,,,,765615574,12,2,female,10,,0,Portugal,6,,,,,,,,,,,,20,3,4,7,7,4,3,4,6,4,1,2,1,1,3,4,6,5,3,4,3,6,6,6,5,4,6,2,1,2,7,3,5,4,2,1,3,2,2,3,5,5,3,3,5,2,4,5,5,6,6,6,4,5,5
1.10016E+11,270409977,6/20/24 16:25,6/20/24 16:39,163.116.231.101,,,,,8280179683,10,2,Woman,5,,8,,6,,,,,,,,,,,,0,,,,,,,,,,,,,,,,,,,,,,,,,,,3,7,9,7,9,1,7,7,2,5,2,4,2,3,3,3,4,3,5,1,6,4,6,2,4,5,4,3
1.10016E+11,270409977,6/20/24 16:31,6/20/24 16:39,189.173.47.240,,,,,5830695297,3,2,female,5,,8,,6,,,,,,,,,,,,14,4,2,6,6,4,1,2,2,1,2,3,2,2,2,3,4,4,4,2,4,1,5,4,3,4,4,1,1,1,8,7,6,5,3,2,5,4,3,3,4,4,4,5,4,5,4,3,4,4,3,5,2,4,3
1.10016E+11,270409977,6/20/24 16:31,6/20/24 16:39,45.243.213.38,,,,,2244434386,5,1,male,6,,0,Egypt,2,,,,,,,,,,,,90,1,1,2,1,1,4,6,4,6,2,2,2,6,3,5,3,6,6,5,2,6,1,2,5,6,4,1,1,1,2,1,9,4,5,2,4,1,1,3,2,5,4,5,6,4,6,1,3,6,4,6,5,5,3
1.10016E+11,270409977,6/20/24 16:32,6/20/24 16:39,176.224.186.163,,,,,7016250951,7,2,Female ,7,,0,Tunisian,2,,,,,,,,,,,,100,3,1,3,1,2,2,6,6,6,2,2,5,6,5,6,6,6,5,6,5,5,6,6,5,6,5,1,1,1,1,1,9,1,1,1,4,1,3,4,5,5,5,4,3,4,2,3,3,3,4,2,4,4,3
1.10016E+11,270409977,6/20/24 16:29,6/20/24 16:39,187.189.41.13,,,,,284701893,23,1,Male,5,,8,,6,,,,,,,,,,,,32,4,4,6,3,4,6,5,6,6,2,1,4,2,5,4,4,4,6,5,4,4,4,5,5,2,5,2,2,4,3,3,3,5,3,2,3,1,3,3,4,4,2,3,4,3,3,3,3,2,4,2,3,4,3
1.10016E+11,270409977,6/20/24 16:32,6/20/24 16:39,177.228.98.2,,,,,6081729772,14,1,Male,5,,8,,6,,,,,,,,,,,,5,4,4,6,7,5,5,2,6,6,1,4,4,1,3,4,4,5,4,2,5,5,2,6,4,1,2,2,2,1,7,8,2,8,2,8,2,2,2,1,4,4,2,4,3,6,4,4,5,4,3,4,2,3,2
1.10016E+11,270409977,6/20/24 16:31,6/20/24 16:39,79.41.222.84,,,,,6900931918,1,1,Male,10,,9,,1,,1,,,,,,,,,,15,5,4,5,5,4,3,2,4,5,2,5,4,5,5,3,3,5,6,3,5,6,6,6,5,5,6,1,1,1,8,4,5,4,4,5,3,2,2,1,4,5,2,3,4,4,5,4,4,6,3,3,4,3,4
1.10016E+11,270409977,6/20/24 16:26,6/20/24 16:39,83.28.171.3,,,,,8.96E+09,11,1,Male ,10,,0,Poland ,6,,,,,,,,,,,,0,4,5,6,7,5,6,2,5,6,1,1,3,1,2,6,1,2,6,2,3,2,2,2,3,4,4,2,3,3,8,1,4,3,2,1,3,1,1,1,5,5,3,4,3,3,4,4,4,5,5,5,3,3,4
1.10016E+11,270409977,6/20/24 16:29,6/20/24 16:39,41.71.111.154,,,,,7439904184,7,2,Female,1,,0,South African ,1,,,,,,5,,,,,,75,1,1,3,2,1,1,2,4,6,1,2,1,3,3,6,6,5,4,4,3,6,6,6,4,6,6,2,3,3,5,1,7,2,2,1,3,1,1,1,5,5,2,0,5,4,4,0,3,5,4,2,6,6,3
1.10016E+11,270409977,6/20/24 16:30,6/20/24 16:39,173.182.133.141,,,,,1305783768,18,2,Female ,9,,0,India,4,,,,,,,,,,,,12,4,1,5,6,1,6,6,4,6,5,4,5,6,5,6,6,4,6,6,4,6,6,5,6,6,5,2,2,2,4,1,9,1,1,1,4,3,3,4,4,4,3,3,2,2,0,2,5,5,3,4,2,2,2
1.10016E+11,270409977,6/20/24 16:23,6/20/24 16:38,149.200.86.8,,,,,3908827895,4,2,non-binary (agender),10,,0,Hungary,6,,,,,,,,,,,,25,3,4,7,7,3,5,2,6,6,2,1,4,1,5,6,6,5,3,6,5,2,6,6,4,2,1,1,1,1,2,1,5,1,1,1,5,3,2,1,5,5,1,2,5,4,4,2,4,5,5,4,4,2,5
1.10016E+11,270409977,6/20/24 16:32,6/20/24 16:38,75.156.178.72,,,,,4180479424,5,1,Male,4,,7,,6,,,,,,,,,,,,0,3,4,7,7,5,3,2,4,5,1,2,3,2,4,5,3,5,2,2,5,5,1,3,3,2,5,2,1,1,6,3,4,2,4,3,3,1,1,1,5,5,2,3,5,3,3,4,5,6,4,4,3,4,4
1.10016E+11,270409977,6/20/24 16:28,6/20/24 16:38,41.144.1.104,,,,,2389011321,4,2,Female,1,,0,South African,1,,1,2,3,4,5,6,7,8,,,99,3,1,2,1,1,5,2,6,6,3,3,6,4,5,6,3,6,6,6,6,6,6,6,4,3,6,7,7,6,4,5,5,7,8,6,5,1,1,3,4,5,2,3,3,3,2,2,3,3,3,5,3,3,3
1.10016E+11,270409977,6/20/24 16:31,6/20/24 16:38,176.58.226.130,,,,,4092023615,24,1,Male,10,,0,Greek,6,,,,,,,,,,,,0,5,5,7,7,5,4,1,4,5,1,1,3,1,2,6,1,6,6,1,4,4,4,5,5,1,4,3,5,7,9,8,1,6,4,2,2,1,1,1,5,5,1,6,0,2,6,6,4,6,1,6,2,1,4
1.10016E+11,270409977,6/20/24 16:33,6/20/24 16:38,87.202.171.185,,,,,7293733642,10,1,male,10,,0,greek,1,,,,3,,,,,,,,65,3,1,4,1,2,5,1,3,1,1,1,3,1,1,3,1,2,1,1,1,1,1,2,1,1,1,2,5,5,9,9,6,2,2,6,3,2,3,4,3,4,2,2,3,2,4,4,2,4,3,3,3,2,4
1.10016E+11,270409977,6/20/24 16:25,6/20/24 16:38,189.231.13.83,,,,,1380353371,15,1,Male,5,,8,,6,,,,,,,,,,,,0,4,5,7,7,5,1,3,5,1,2,5,2,2,4,1,2,4,1,2,6,1,2,5,1,3,4,1,1,1,7,9,3,6,2,1,1,1,2,1,4,2,2,5,2,2,5,6,2,5,4,6,2,2,1
1.10016E+11,270409977,6/20/24 16:24,6/20/24 16:38,115.40.55.184,,,,,2051154428,18,1,Male,10,,4,,6,,,,,,,,,,,,0,4,4,7,7,5,5,1,6,6,1,2,3,1,3,6,1,3,5,2,2,4,4,6,5,2,4,2,1,1,8,1,9,2,2,2,4,1,1,1,5,5,1,5,3,1,4,4,2,4,4,5,3,4,1
1.10016E+11,270409977,6/20/24 16:27,6/20/24 16:38,41.90.181.92,,,,,5349430156,3,1,boy,1,,0,kenyan,1,,,2,,,,,,,,,40,2,3,2,1,3,3,6,6,4,2,3,4,5,4,4,5,6,4,5,2,1,3,4,2,5,3,4,3,3,7,7,2,7,7,7,2,1,1,2,5,5,3,3,6,4,4,2,5,6,6,1,2,6,5
1.10016E+11,270409977,6/20/24 16:24,6/20/24 16:38,41.13.228.234,,,,,6573347347,8,2,female,1,,0,South Africa,1,,,,,,,,,8,,,100,1,1,1,1,1,6,6,6,6,6,1,6,6,1,6,6,6,6,6,4,6,6,3,6,6,6,2,1,2,1,1,9,1,1,1,3,1,1,3,5,5,2,6,6,3,6,0,4,6,6,6,6,6,6
1.10016E+11,270409977,6/20/24 16:27,6/20/24 16:37,46.189.177.39,,,,,15809405,5,2,Female,10,,7,,6,,,,,,,,,,,,0,3,3,7,7,4,2,4,6,5,2,6,1,6,6,6,6,6,6,6,6,6,6,6,5,4,6,2,2,6,8,3,1,6,5,6,5,1,2,2,3,3,2,4,3,5,4,5,4,3,2,4,2,3,3
1.10016E+11,270409977,6/20/24 16:32,6/20/24 16:37,2.80.98.120,,,,,2237984497,6,1,Male,5,,0,Brazilian,1,,1,,,,,,,,,,65,3,1,4,1,3,5,5,6,6,2,3,5,2,3,5,2,5,6,5,6,6,6,5,4,3,5,1,1,1,7,5,7,2,2,2,3,2,2,1,4,4,3,4,2,1,4,4,4,5,4,4,3,3,1
1.10016E+11,270409977,6/20/24 16:31,6/20/24 16:37,142.114.191.100,,,,,2.00E+09,3,2,Woman,4,,7,,6,,,,,,,,,,,,0,4,2,5,5,4,5,2,6,6,3,3,6,2,3,5,5,6,6,1,5,6,6,6,6,2,4,1,1,1,6,4,2,1,1,1,2,1,1,1,5,5,3,6,1,3,4,4,4,6,3,6,4,4,4
1.10016E+11,270409977,6/20/24 16:31,6/20/24 16:37,99.231.205.35,,,,,605479897,18,2,female,9,,7,,4,,,,,,,,,,,,89,2,1,2,1,1,6,5,4,6,4,4,6,6,4,4,6,6,6,6,5,5,6,5,6,6,5,2,1,2,1,1,1,1,1,1,3,3,3,3,3,4,3,4,4,4,4,4,4,2,4,2,4,4,5
1.10016E+11,270409977,6/20/24 16:28,6/20/24 16:37,31.35.116.165,,,,,9438200248,15,2,female,2,,0,ghanaian,1,,,,,,,,,,9,,100,2,1,2,1,1,6,6,6,6,3,6,3,6,6,6,6,6,6,6,6,3,6,3,6,6,6,2,2,1,1,1,9,1,1,1,3,3,3,3,3,3,3,3,3,3,3,3,3,3,3,3,3,3,3
1.10016E+11,270409977,6/20/24 16:26,6/20/24 16:37,176.63.3.37,,,,,7682381027,13,1,Male,11,,0,Hungary,1,,1,,,,,,,,,,15,4,5,6,6,5,5,4,6,6,1,4,1,1,3,3,2,5,1,1,4,3,1,3,3,1,4,2,3,2,6,7,5,7,6,7,3,3,4,4,4,5,4,3,4,6,4,4,6,5,4,5,4,4,4
1.10016E+11,270409977,6/20/24 16:31,6/20/24 16:37,181.43.0.4,,,,,3522773784,16,2,Woman,10,,0,Chilean,6,,,,,,,,,,,,0,4,4,7,7,5,4,5,6,6,1,2,2,2,4,6,5,4,5,1,5,5,6,2,4,1,2,1,2,1,9,7,1,7,4,3,3,2,3,1,5,5,4,4,0,0,6,6,2,6,3,6,3,2,1
1.10016E+11,270409977,6/20/24 16:27,6/20/24 16:37,79.107.133.52,,,,,1584122894,9,2,GENDER FLUID,10,,0,GREECE,6,,,,,,,,,,,,0,3,4,5,7,5,1,4,3,4,2,1,1,2,2,5,5,4,2,1,2,5,6,5,1,6,2,4,4,1,9,9,1,4,4,4,5,2,1,1,5,5,1,4,1,0,4,5,0,5,6,6,2,5,1
1.10016E+11,270409977,6/20/24 16:27,6/20/24 16:37,101.98.179.184,,,,,1465561734,48,2,Female,10,,0,New Zealand,6,,,,,,,,,,,,1,2,5,7,7,5,4,4,6,5,2,4,5,4,4,5,4,4,6,3,4,5,5,4,3,5,4,1,1,3,6,1,4,2,2,2,2,2,2,3,4,4,3,4,2,3,4,4,3,6,3,4,2,3,2
1.10016E+11,270409977,6/20/24 16:29,6/20/24 16:37,91.110.104.215,,,,,3076837525,27,2,Female,10,,3,,1,,1,,,,,,,,,,70,3,1,3,1,2,4,3,6,6,1,2,3,1,4,6,6,3,6,2,6,5,6,1,5,2,1,1,2,2,7,1,9,2,2,1,3,2,1,1,5,5,3,3,3,2,3,2,4,6,4,5,3,4,4
1.10016E+11,270409977,6/20/24 16:28,6/20/24 16:36,41.76.103.126,,,,,7936026056,5,1,Male,1,,0,South Africa,1,,1,,,,,,,,,,80,3,1,4,1,3,2,6,4,4,1,2,3,3,2,4,3,2,3,5,2,3,5,1,3,5,4,2,1,2,4,1,4,2,2,1,4,1,1,3,3,4,3,5,4,4,5,6,4,6,5,6,3,3,3
1.10016E+11,270409977,6/20/24 16:28,6/20/24 16:36,49.181.247.0,,,,,2112792630,3,2,Female ,10,,0,Australian ,6,,,,,,,,,,,,0,4,4,7,7,4,1,3,5,2,1,2,2,1,3,6,2,5,2,1,2,6,6,5,2,2,5,2,3,2,8,6,2,2,1,1,3,2,1,3,2,3,4,4,3,4,5,4,5,5,3,4,3,4,4
1.10016E+11,270409977,6/20/24 16:30,6/20/24 16:36,187.211.221.204,,,,,6261755054,31,1,male,10,,7,,1,,1,,,,,,,,,,4,4,1,3,1,5,4,2,6,6,1,4,4,1,3,6,2,2,6,2,4,6,4,2,4,3,3,2,3,4,9,4,2,4,2,2,3,1,1,2,5,5,3,5,3,5,5,6,5,6,2,2,2,2,5
1.10016E+11,270409977,6/20/24 16:31,6/20/24 16:36,92.234.161.144,,,,,9270587537,8,2,Female,9,,1,,2,,,,,,,,,,,,100,1,1,1,1,1,4,6,6,6,6,4,2,6,6,6,6,4,3,6,6,3,6,6,4,6,6,2,1,1,1,1,9,1,1,1,5,5,5,5,3,1,5,3,3,0,4,3,1,3,3,5,3,3,1
1.10016E+11,270409977,6/20/24 16:24,6/20/24 16:36,41.150.223.45,,,,,6.01E+09,17,2,Female ,1,,0,South Africa ,1,,1,,,,,,,,,,65,3,1,4,1,3,4,5,6,6,3,1,2,3,6,5,2,2,5,3,6,3,6,2,4,2,2,2,2,2,5,1,6,7,3,2,4,2,3,3,4,4,3,4,4,4,3,4,4,5,5,4,3,4,4
1.10016E+11,270409977,6/20/24 16:28,6/20/24 16:36,105.245.170.16,,,,,4532460482,16,2,Female ,1,,0,South Africa ,1,,,,,,,6,,,,,75,2,1,5,1,2,4,5,6,6,4,3,6,2,5,5,3,6,6,5,3,4,6,5,6,6,2,1,2,3,7,2,7,2,2,2,4,3,4,2,5,5,2,4,6,0,3,6,4,6,6,4,5,6,3
1.10016E+11,270409977,6/20/24 16:25,6/20/24 16:36,187.189.181.165,,,,,7699509456,9,1,Male,5,,8,,6,,,,,,,,,,,,25,2,5,6,7,5,1,3,4,4,1,2,2,4,2,4,3,5,5,1,2,1,5,5,3,1,3,7,9,9,9,9,2,6,6,6,3,2,2,1,5,5,3,4,5,4,2,4,4,3,5,3,5,6,4
1.10016E+11,270409977,6/20/24 16:27,6/20/24 16:36,80.99.160.54,,,,,357632987,10,1,Answered above already,10,,0,Hungarian,1,,1,,,,,,,,,,0,5,5,7,7,5,3,4,6,5,1,1,2,1,4,5,1,6,6,1,5,4,3,4,4,4,3,1,1,1,6,7,4,5,3,3,3,1,1,1,5,5,3,2,3,2,4,3,4,3,4,5,3,4,3
1.10016E+11,270409977,6/20/24 16:29,6/20/24 16:36,94.63.88.91,,,,,2927848017,9,1,Male,10,,0,Portugal,1,,1,,,,,,,,,,1,4,4,6,6,5,1,2,5,5,1,2,5,1,2,4,2,2,4,1,2,6,2,2,4,1,1,1,1,1,5,2,7,1,1,1,2,1,1,2,1,2,2,1,4,5,2,4,3,3,6,4,4,5,6
1.10016E+11,270409977,6/20/24 16:27,6/20/24 16:36,83.255.19.127,,,,,4981937890,18,1,Male,10,,0,Sweden,1,,,,,,,,,,,Non religious christian,16,3,3,7,7,4,2,3,4,5,1,1,4,2,2,5,2,4,5,3,3,4,4,4,4,1,3,2,7,3,3,2,5,2,2,2,3,2,2,3,4,4,4,3,3,3,3,3,3,5,4,3,4,4,3
1.10016E+11,270409977,6/20/24 16:29,6/20/24 16:36,148.63.184.247,,,,,9551185735,6,2,Female,11,,0,Portugal,6,,,,,,,,,,,,25,4,3,6,7,5,4,5,6,4,2,2,3,2,4,4,5,6,4,3,4,3,5,6,4,4,4,2,1,1,4,2,5,1,1,1,3,2,2,3,4,4,4,3,4,3,3,4,4,3,3,4,3,3,3
1.10016E+11,270409977,6/20/24 16:23,6/20/24 16:36,46.153.138.189,,,,,4748780354,24,1,Male,6,,0,Saudi Arabja,2,,,,,,,,,,,,90,3,1,1,1,3,5,5,6,6,3,2,6,2,5,6,1,5,6,3,6,6,6,5,5,5,6,1,1,2,6,4,3,3,3,2,4,1,2,4,3,4,3,4,3,4,3,4,5,6,5,6,3,3,5
1.10016E+11,270409977,6/20/24 16:28,6/20/24 16:36,86.141.17.204,,,,,8089161894,15,2,Female ,10,,1,,6,,,,,,,,,,,,12,5,5,7,7,5,4,2,6,6,1,6,5,1,6,6,5,6,5,1,6,4,6,6,5,1,6,2,2,2,8,5,5,2,2,2,1,1,1,1,5,5,1,5,3,2,3,3,3,3,3,5,0,1,6
1.10016E+11,270409977,6/20/24 16:28,6/20/24 16:36,37.30.18.91,,,,,9686885421,3,1,Male,10,,0,Poland,6,,,,,,,,,,,,10,4,3,7,7,3,1,5,4,6,2,2,1,2,3,5,5,4,3,3,5,4,3,3,2,2,3,2,1,2,1,5,4,2,1,1,4,2,2,2,3,4,3,3,3,4,1,2,3,5,3,4,4,3,4
1.10016E+11,270409977,6/20/24 16:29,6/20/24 16:36,197.245.177.32,,,,,8018093971,23,1,Male,10,,0,South African,6,,,,,,,,,,,,0,2,5,7,7,5,4,3,3,6,1,2,5,2,3,6,2,3,3,2,4,6,2,1,5,2,3,2,1,3,8,6,4,2,2,2,4,2,3,1,5,4,2,5,2,1,4,5,4,6,4,6,4,4,4
1.10016E+11,270409977,6/20/24 16:25,6/20/24 16:36,190.44.67.244,,,,,5152540253,7,1,male,5,,0,chilean,6,,,,,,,,,,,,0,5,4,7,7,4,6,4,6,6,1,3,4,1,2,4,5,3,6,4,5,5,6,3,4,2,5,2,1,1,1,1,7,1,2,1,3,2,4,1,4,4,3,4,2,5,4,3,3,4,3,5,2,4,6
1.10016E+11,270409977,6/20/24 16:29,6/20/24 16:35,177.230.56.107,,,,,5713494633,11,1,Male,5,,8,,0,Agnostic,,,,,,,,,,,6,3,4,6,7,5,2,1,6,6,1,1,1,1,2,6,6,5,6,1,2,6,2,5,6,1,2,4,6,7,9,9,1,9,1,8,4,1,1,1,5,3,2,6,2,6,5,5,6,6,2,6,2,2,5
1.10016E+11,270409977,6/20/24 16:26,6/20/24 16:35,31.51.31.122,,,,,7444190306,37,2,Female,10,,1,,1,,1,,,,,,7,,,,5,3,3,6,6,3,2,5,6,4,3,5,4,4,6,6,4,6,4,5,6,4,6,6,4,4,6,1,6,6,7,5,2,2,2,2,3,2,2,2,4,4,2,4,3,3,3,5,3,5,3,4,2,3,3
1.10016E+11,270409977,6/20/24 16:27,6/20/24 16:35,144.64.124.218,,,,,1915817842,4,1,Male,10,,0,Portugal,1,,1,,,,,,,,,,12,4,4,6,7,4,4,3,4,6,1,1,2,1,2,6,1,4,5,2,3,6,4,3,6,2,2,2,2,3,9,9,1,7,4,2,3,2,2,1,5,5,3,3,2,4,3,4,4,5,5,4,2,3,4
1.10016E+11,270409977,6/20/24 16:28,6/20/24 16:35,41.4.8.51,,,,,4083079725,10,1,Male,1,,0,South African ,1,,,,,,,,,8,,,100,2,1,2,3,1,6,6,6,6,4,4,6,6,6,6,6,6,6,4,6,6,6,6,6,6,6,7,7,9,9,1,1,6,4,7,3,1,1,5,5,5,3,6,6,6,6,6,6,6,6,2,6,6,6
1.10016E+11,270409977,6/20/24 16:28,6/20/24 16:35,2.86.55.115,,,,,550725571,5,1,male,10,,0,greece,1,,,,3,,,,,,,,30,4,3,5,1,4,3,4,6,6,2,5,4,1,4,5,2,6,5,2,5,6,6,6,3,2,2,2,1,1,5,2,4,2,1,1,3,5,2,2,2,3,2,2,5,3,4,4,3,2,5,3,4,4,4
1.10016E+11,270409977,6/20/24 16:26,6/20/24 16:35,80.31.110.211,,,,,3584374418,6,1,Male,5,,6,,1,,1,,,,,,,,,,0,5,2,7,7,3,5,6,6,6,1,1,6,1,6,4,6,6,3,1,6,1,6,3,3,1,6,2,1,2,1,8,9,8,1,7,4,1,1,1,1,5,5,6,3,3,0,4,4,6,4,5,5,6,5
1.10016E+11,270409977,6/20/24 16:30,6/20/24 16:34,109.243.3.143,,,,,532457901,5,1,Male,10,,0,Poland,1,,1,,,,,,,,,,27,4,3,5,6,2,3,3,5,5,2,3,2,3,4,6,3,4,5,3,4,4,3,3,4,3,4,1,1,1,2,2,6,3,5,4,3,4,4,3,3,3,2,5,3,3,4,5,5,5,3,4,2,4,3
1.10016E+11,270409977,6/20/24 16:23,6/20/24 16:34,41.115.71.103,,,,,3499276801,14,2,female,1,,0,south african ,1,,,,,,,6,,,,,57,3,2,6,1,3,3,6,6,4,4,6,3,2,6,6,6,6,6,3,6,6,6,6,6,2,6,1,7,3,8,4,4,4,5,3,3,1,2,1,3,2,1,3,2,0,6,6,2,6,0,6,0,0,0
1.10016E+11,270409977,6/20/24 16:25,6/20/24 16:34,86.137.66.153,,,,,3594129231,2,2,Female,10,,1,,6,,,,,,,,,,,,5,3,4,7,7,4,1,3,5,5,4,3,4,4,4,5,4,4,3,4,4,4,5,3,3,4,5,2,1,1,8,1,9,1,1,1,3,1,1,1,5,5,1,4,2,2,4,4,4,4,2,5,2,3,4
1.10016E+11,270409977,6/20/24 16:25,6/20/24 16:34,156.34.170.56,,,,,4637960329,21,1,male,10,,7,,6,,,,,,,,,,,,0,4,5,7,7,5,1,4,5,5,2,3,2,1,2,6,1,2,2,1,2,1,1,4,3,1,6,2,6,6,9,6,1,6,3,3,1,1,2,1,5,5,1,2,5,2,2,5,5,6,6,5,3,5,5
1.10016E+11,270409977,6/20/24 16:29,6/20/24 16:34,79.117.165.42,,,,,8150148926,6,1,Male,4,,0,Chinese,6,,,,,,,,,,,,0,5,5,7,7,5,5,6,6,6,1,3,1,1,2,6,2,1,3,3,5,6,6,6,2,1,2,1,1,1,7,4,9,5,2,2,3,1,1,1,5,4,4,4,5,4,2,3,5,2,3,5,1,5,5
1.10016E+11,270409977,6/20/24 16:23,6/20/24 16:34,81.84.245.141,,,,,831157683,11,2,Female,10,,0,Portugual,1,,1,,,,,,,,,,20,3,1,6,5,3,5,6,3,5,2,5,6,4,5,3,5,4,6,6,5,6,6,5,5,5,5,2,2,2,3,2,7,2,2,1,4,1,1,4,2,3,4,4,4,3,4,2,5,1,4,2,3,4,4
1.10016E+11,270409977,6/20/24 16:28,6/20/24 16:34,82.19.214.126,,,,,8310333053,13,2,Female,10,,1,,6,,,,,,,,,,,,7,4,4,7,7,4,2,4,5,5,2,3,3,2,3,3,4,5,4,3,5,5,4,4,4,5,6,2,2,2,7,3,7,5,4,3,4,1,2,3,4,4,3,4,3,4,3,4,4,5,4,3,3,4,4
1.10016E+11,270409977,6/20/24 16:21,6/20/24 16:33,41.115.14.95,,,,,8955465085,5,1,Male,1,,0,South Africa,1,,,,,,,,,8,,,77,3,2,5,1,1,5,5,6,6,1,1,2,3,4,5,3,6,6,4,5,2,4,2,4,1,5,4,6,3,8,9,2,5,6,7,3,1,2,3,4,4,3,2,4,3,2,3,3,5,6,3,2,4,4
1.10016E+11,270409977,6/20/24 16:28,6/20/24 16:33,82.15.62.228,,,,,4240472983,18,1,Male,10,,1,,6,,,,,,,,,,,,11,4,3,7,7,4,2,1,3,3,1,3,3,2,2,5,2,5,4,2,4,3,4,4,2,1,3,2,4,3,8,3,3,2,2,3,4,1,1,1,5,5,1,3,2,2,4,4,3,5,3,2,2,3,3
1.10016E+11,270409977,6/20/24 16:26,6/20/24 16:33,79.45.44.243,,,,,4777912507,28,1,male,10,,9,,6,,,,,,,,,,,,0,5,5,7,7,5,3,3,4,4,1,2,3,1,2,6,2,2,5,2,4,4,3,3,3,1,3,9,1,9,9,8,1,7,7,7,3,2,2,2,3,3,2,4,2,2,3,4,2,4,3,5,2,2,3
1.10016E+11,270409977,6/20/24 16:27,6/20/24 16:33,2.80.158.209,,,,,7618333848,3,2,Female,10,,0,Portugal,6,,,,,,,,,,,,0,2,5,7,7,5,2,5,5,3,1,3,1,2,5,5,6,6,3,1,5,2,6,6,3,1,5,3,2,5,8,4,8,8,7,6,4,1,1,1,5,5,1,5,2,1,5,6,3,6,5,6,3,4,3
1.10016E+11,270409977,6/20/24 16:27,6/20/24 16:33,24.239.130.53,,,,,5765784561,17,2,Woman,15,,0,New Zealand,6,,,,,,,,,,,,3,4,4,7,7,4,2,4,5,5,1,2,5,1,4,5,6,5,5,2,4,5,6,5,3,2,4,2,1,1,3,1,9,1,1,1,1,2,1,1,4,5,3,2,4,3,4,5,5,4,4,2,2,2,4
1.10016E+11,270409977,6/20/24 16:26,6/20/24 16:33,86.26.203.114,,,,,5387337590,4,2,Female,9,,1,,2,,,,,,,,,,,,100,2,1,1,1,1,2,6,6,6,6,5,4,6,6,5,6,6,5,3,4,5,6,6,5,6,6,1,1,1,1,1,8,2,1,1,3,1,1,3,3,4,4,2,3,5,4,4,5,4,4,4,4,4,4
1.10016E+11,270409977,6/20/24 16:26,6/20/24 16:32,173.238.165.7,,,,,1700945215,22,1,Male,10,,7,,6,,,,,,,,,,,,0,4,4,7,6,4,1,3,4,3,1,4,4,2,3,4,1,5,6,1,5,2,2,6,3,3,3,1,2,2,7,6,3,3,4,4,1,4,5,5,2,3,4,4,2,3,4,4,2,5,3,5,1,3,2
1.10016E+11,270409977,6/20/24 16:27,6/20/24 16:32,99.246.123.60,,,,,8633915670,12,2,female,9,,7,,6,,,,,,,,,,,,5,3,4,7,7,3,1,6,5,3,3,4,1,3,3,3,5,5,4,6,6,5,6,6,4,3,6,1,1,1,1,1,7,1,1,1,3,1,1,1,5,4,3,6,0,3,3,5,3,4,0,6,0,0,1
1.10016E+11,270409977,6/20/24 16:23,6/20/24 16:32,189.147.121.223,,,,,1105265101,19,2,Female,5,,8,,6,,,,,,,,,,,,0,4,5,7,7,5,6,5,5,5,1,3,2,1,3,4,3,4,2,1,6,6,6,5,5,1,4,1,3,3,9,9,1,5,6,2,2,1,1,1,5,5,3,4,1,3,2,4,3,5,1,6,2,1,1
1.10016E+11,270409977,6/20/24 16:26,6/20/24 16:32,75.152.219.25,,,,,2968139801,9,1,Male,7,,7,,0,Spiritual ,,,,,,,,,,,60,4,2,6,2,2,5,3,4,6,2,3,4,5,3,6,3,3,5,2,4,4,3,4,5,3,4,2,1,1,6,6,4,6,6,6,5,1,1,1,5,5,2,3,5,4,2,4,4,5,5,2,4,4,4
1.10016E+11,270409977,6/20/24 16:27,6/20/24 16:32,161.230.88.185,,,,,8221550215,4,1,Male,10,,0,Portugal,6,,,,,,,,,,,,0,5,5,7,7,5,4,2,5,5,1,4,2,2,3,4,2,4,5,1,3,4,1,3,4,1,5,1,1,2,8,8,7,9,9,9,4,1,1,1,4,4,4,3,5,4,1,1,6,6,4,4,4,5,5
1.10016E+11,270409977,6/20/24 16:23,6/20/24 16:32,89.78.13.108,,,,,1725952050,5,2,female,10,,0,Poland,1,,1,,,,,,,,,,8,4,4,5,5,5,5,2,4,6,3,1,2,2,3,4,6,5,5,5,4,6,6,5,5,2,6,1,1,1,2,1,9,2,1,1,4,2,3,4,3,3,3,5,3,4,3,4,4,4,1,4,2,1,4
1.10016E+11,270409977,6/20/24 16:23,6/20/24 16:31,121.74.89.75,,,,,7884866231,53,1,Male,10,,0,New Zealander,6,,,,,,,,,,,,0,4,5,7,7,5,5,1,6,6,1,3,5,2,3,6,3,5,6,3,5,4,3,4,5,6,5,2,3,3,7,4,7,3,4,4,3,1,1,1,5,5,1,3,3,5,3,4,5,5,4,4,1,4,5
1.10016E+11,270409977,6/20/24 16:23,6/20/24 16:31,149.90.205.25,,,,,7336922629,4,2,Female,10,,0,Portuguese,6,,,,,,,,,,,,0,4,5,6,7,5,2,5,5,5,2,2,3,1,2,5,1,5,5,2,4,6,6,4,4,3,3,1,1,1,9,1,9,1,2,1,2,1,1,3,4,4,2,4,1,2,6,6,3,6,2,5,3,1,4
1.10016E+11,270409977,6/20/24 16:25,6/20/24 16:31,2.59.233.172,,,,,3618962858,28,2,female,11,,6,,1,,1,,,,,,,,,,20,5,4,7,7,5,5,2,3,2,2,3,3,2,2,3,2,2,3,2,2,2,1,2,2,2,3,2,2,2,5,3,6,4,6,4,4,3,4,4,4,3,4,4,5,4,5,4,4,5,5,5,4,5,5
1.10016E+11,270409977,6/20/24 16:24,6/20/24 16:31,177.240.131.119,,,,,6453673565,23,1,Male,5,,8,,6,,,,,,,,,,,,4,5,4,7,6,4,5,2,3,6,1,3,4,1,4,6,1,4,6,1,6,5,1,4,5,1,1,2,1,1,9,9,4,9,8,7,4,4,4,4,4,5,4,5,5,5,4,5,5,6,6,6,4,4,4
1.10016E+11,270409977,6/20/24 16:24,6/20/24 16:31,177.228.73.216,,,,,1431254678,18,1,Male,5,,8,,1,,1,,,,,,,,,,20,3,1,5,4,4,2,2,5,4,2,2,2,2,5,5,2,5,5,4,4,5,5,2,3,3,5,2,3,3,5,3,5,4,2,2,3,1,2,1,3,4,3,3,3,2,4,4,3,4,3,4,3,3,3
1.10016E+11,270409977,6/20/24 16:25,6/20/24 16:31,99.238.4.163,,,,,3259733378,2,1,male,9,,7,,2,,,,,,,,,,,,90,3,1,6,6,3,4,3,3,4,4,1,3,5,3,4,3,5,4,4,3,3,5,2,2,4,3,1,1,1,2,1,9,2,2,2,3,2,2,2,3,3,3,3,4,3,3,3,3,3,2,6,2,3,2
1.10016E+11,270409977,6/20/24 16:24,6/20/24 16:31,212.139.90.198,,,,,138359651,16,2,Female,5,,6,,0,Spiritualist,,,,,,,,,,,85,3,1,3,1,2,5,4,4,5,1,3,3,1,5,6,4,2,6,1,5,5,5,3,5,3,4,7,2,7,9,9,1,6,5,5,4,2,2,1,4,4,4,3,2,3,2,2,3,3,3,3,3,3,4
1.10016E+11,270409977,6/20/24 16:25,6/20/24 16:31,87.70.81.42,,,,,9033028032,3,1,male,11,,0,Israeli,3,,,,,,,,,,,,5,4,4,7,6,4,5,5,4,5,1,3,1,2,4,4,2,3,5,1,4,3,2,4,3,1,3,2,3,3,9,9,1,8,3,8,3,2,2,4,4,4,3,2,4,4,3,2,5,3,3,4,2,4,4
1.10016E+11,270409977,6/20/24 16:19,6/20/24 16:31,102.132.40.112,,,,,917470885,13,2,Female,1,,0,South Africa,1,,,,,4,,,,,,,100,1,1,6,1,1,6,1,6,6,1,5,3,1,6,6,6,6,6,6,3,4,6,3,3,6,6,2,2,4,5,1,6,1,2,1,5,1,1,1,5,5,5,6,6,6,0,0,6,6,6,6,5,6,6
1.10016E+11,270409977,6/20/24 16:26,6/20/24 16:30,66.131.250.145,,,,,9505154039,14,1,Male,10,,7,,6,,,,,,,,,,,,20,3,5,5,5,5,2,1,2,5,1,4,3,2,2,5,3,3,3,2,3,4,5,4,5,3,5,2,8,9,9,7,3,6,4,2,3,2,2,3,5,4,3,2,4,3,3,5,4,6,5,3,2,4,4
1.10016E+11,270409977,6/20/24 16:27,6/20/24 16:30,38.147.245.76,,,,,4669802345,11,1,Male,4,,7,,6,,,,,,,,,,,,14,4,4,7,7,5,2,2,4,6,1,2,4,2,1,6,1,4,4,1,4,6,4,1,6,1,3,4,1,3,9,9,2,6,6,2,4,1,1,1,4,4,1,3,1,1,1,3,1,3,2,4,1,1,1
1.10016E+11,270409977,6/20/24 16:23,6/20/24 16:30,79.153.195.27,,,,,4721690713,6,1,male,5,,6,,6,,,,,,,,,,,,3,3,2,7,7,4,3,2,5,5,1,2,4,1,2,5,1,4,4,1,5,3,2,2,3,1,2,4,3,3,9,9,1,9,9,7,4,1,1,1,4,4,4,1,3,3,4,4,4,6,4,5,2,4,4
1.10016E+11,270409977,6/20/24 16:20,6/20/24 16:30,109.118.69.219,,,,,6934281812,3,2,Female,10,,9,,6,,,,,,,,,,,,0,4,4,6,7,4,6,2,3,6,1,2,4,1,1,5,2,5,4,4,2,6,5,4,6,1,2,2,1,1,8,2,7,2,2,2,2,3,4,3,4,4,4,2,5,5,3,3,5,4,5,4,5,6,5
1.10016E+11,270409977,6/20/24 16:26,6/20/24 16:30,213.22.193.3,,,,,82754449,9,2,Female,10,,0,Portugal,1,,1,,,,,,,,,,7,2,2,5,5,3,4,4,4,5,1,2,3,5,3,5,3,6,3,2,5,4,6,6,3,2,5,2,2,1,9,1,7,2,2,2,3,1,1,1,5,5,1,5,3,3,5,5,4,4,2,5,1,2,5
1.10016E+11,270409977,6/20/24 16:16,6/20/24 16:29,168.195.246.179,,,,,1973647705,10,1,Male,7,,0,Brazil,1,,1,,,,,,,,,,10,4,1,6,5,1,1,3,2,4,4,5,2,4,2,4,1,1,6,1,2,4,5,2,6,1,4,2,2,1,4,4,2,2,1,1,4,3,2,2,5,5,5,1,4,3,2,3,3,6,6,5,4,3,3
1.10016E+11,270409977,6/20/24 16:16,6/20/24 16:29,201.121.244.94,,,,,6.02E+09,10,1,Bisexual,5,,8,,0,Agnostic,,,,,,,,,,,5,5,4,7,7,4,6,5,6,6,2,3,5,2,5,2,3,4,1,1,4,6,5,3,6,1,1,1,2,2,9,6,1,1,2,1,4,2,2,1,5,5,3,4,2,5,4,4,6,6,5,6,6,4,5
1.10016E+11,270409977,6/20/24 16:13,6/20/24 16:29,41.122.79.103,,,,,4969917310,6,2,Female,1,,0,South African,1,,,,,,,6,,,,,100,3,1,2,1,2,6,6,5,6,2,2,6,5,5,6,6,5,6,3,4,4,6,3,5,6,5,5,2,3,9,1,1,2,2,2,1,1,1,2,5,5,3,6,6,5,3,6,6,1,6,6,4,6,5
1.10016E+11,270409977,6/20/24 16:20,6/20/24 16:29,37.33.249.140,,,,,9401688712,24,1,Male,10,,0,Finnish,1,,,,,,5,,,,,,12,4,4,5,6,4,2,3,4,6,1,1,4,1,1,6,1,2,5,1,2,4,4,3,5,1,2,2,7,4,7,7,5,7,6,6,3,2,4,2,4,4,2,2,4,5,2,3,4,3,4,2,4,4,4
1.10016E+11,270409977,6/20/24 16:20,6/20/24 16:29,193.179.121.26,,,,,8220229100,7,1,male,10,,0,Czech Republic,6,,,,,,,,,,,,0,4,5,7,7,3,2,3,2,3,2,3,3,2,4,4,1,3,1,1,4,2,1,4,2,1,2,1,1,1,3,7,3,2,2,4,3,3,3,2,4,3,3,5,3,3,4,4,3,4,2,4,2,2,3
1.10016E+11,270409977,6/20/24 16:24,6/20/24 16:29,156.34.73.185,,,,,3819290894,20,2,Female,10,,7,,1,,1,,,,,,,,,,86,3,1,6,5,2,6,4,6,6,1,5,5,1,3,4,4,6,6,3,4,6,6,6,5,6,6,2,1,1,7,1,7,2,1,1,3,1,2,3,4,3,4,1,4,5,2,2,4,4,2,2,3,3,5
1.10016E+11,270409977,6/20/24 16:24,6/20/24 16:29,67.70.88.86,,,,,3648395410,19,1,Male,10,,7,,6,,,,,,,,,,,,14,3,4,5,5,4,1,3,2,6,4,5,6,2,3,6,1,1,3,1,3,1,1,1,2,2,3,2,9,9,6,9,1,6,7,5,3,2,2,3,3,4,2,0,6,6,2,2,5,0,5,2,2,4,4
1.10016E+11,270409977,6/20/24 16:20,6/20/24 16:29,41.4.15.33,,,,,6630961288,5,2,Female,1,,0,South Africa,1,,,,,,,,,8,,,49,1,1,4,1,1,5,5,6,6,1,2,3,5,5,6,2,5,6,6,5,3,6,6,5,5,6,2,2,2,2,1,9,2,2,1,4,1,1,3,5,5,5,5,6,6,5,5,5,3,1,6,3,4,4
1.10016E+11,270409977,6/20/24 16:21,6/20/24 16:29,84.113.80.228,,,,,5567618006,16,1,Male,10,,4,,6,,,,,,,,,,,,0,3,5,7,7,5,3,2,6,4,1,5,3,1,3,5,3,5,4,2,6,5,3,5,5,2,2,2,2,4,7,7,2,8,6,6,3,2,2,4,3,3,3,4,4,3,4,3,4,5,4,4,4,4,5
1.10016E+11,270409977,6/20/24 16:19,6/20/24 16:29,159.196.168.198,,,,,240851800,18,2,Female,10,,0,Australia,6,,,,,,,,,,,,5,4,4,7,7,5,2,2,5,4,2,3,5,3,3,4,2,5,5,2,4,4,4,4,4,3,4,2,2,4,8,8,2,2,2,2,3,2,2,2,4,3,2,4,3,3,4,4,4,4,2,3,2,3,4
1.10016E+11,270409977,6/20/24 16:21,6/20/24 16:29,176.72.77.224,,,,,1.69E+09,16,2,Female,10,,0,Finland,6,,,,,,,,,,,,8,3,4,6,6,5,3,4,4,5,1,3,3,1,2,5,3,4,5,1,2,6,6,4,4,1,4,5,2,6,7,4,2,4,3,2,3,2,3,4,4,4,3,4,3,4,4,5,4,5,4,5,2,3,4
1.10016E+11,270409977,6/20/24 16:23,6/20/24 16:29,115.69.32.17,,,,,7874148384,7,2,Female,7,,0,Australian,0,Agnostic,,,,,,,,,,,15,3,3,7,6,4,5,6,6,6,1,3,3,3,5,5,6,5,4,3,6,5,3,6,3,3,6,2,2,2,5,1,9,7,2,2,2,1,1,1,5,5,1,6,0,0,6,6,0,6,3,3,1,3,3
1.10016E+11,270409977,6/20/24 16:21,6/20/24 16:28,77.254.234.11,,,,,7329371592,4,1,Male,10,,0,Poland,6,,,,,,,,,,,,0,4,4,6,7,4,2,3,3,4,2,1,2,2,2,5,3,2,2,3,3,3,4,2,3,3,5,1,1,1,7,5,5,5,3,4,3,1,1,1,4,5,3,5,1,1,4,4,3,5,3,3,2,3,2
1.10016E+11,270409977,6/20/24 16:22,6/20/24 16:28,88.5.161.141,,,,,7278392523,25,2,Agender,16,,6,,6,,,,,,,,,,,,0,4,5,7,7,5,3,5,4,6,1,2,3,2,2,6,4,3,5,1,2,3,6,2,5,1,2,1,2,3,9,5,2,1,1,1,3,2,2,1,5,5,2,5,2,1,5,5,2,5,4,5,3,4,4
1.10016E+11,270409977,6/20/24 16:27,6/20/24 16:28,177.232.91.58,,,,,8617024812,9,2,Female,13,,8,,6,,,,,,,,,,,,,,,,,,,,,,,,,,,,,,,,,,,,,,,,,,,,,,,,,,,,,,,,,,,,,,,,,,
1.10016E+11,270409977,6/20/24 16:17,6/20/24 16:28,189.143.78.151,,,,,8220689274,24,2,Female,5,,8,,1,,1,,,,,,,,,,38,4,3,5,6,5,3,5,5,6,4,3,3,3,2,3,4,3,5,3,3,2,4,3,5,3,6,2,1,2,5,6,9,3,1,1,3,2,1,3,2,4,3,3,3,4,4,5,4,5,2,2,4,3,4
1.10016E+11,270409977,6/20/24 16:21,6/20/24 16:28,41.121.5.19,,,,,1624766359,7,2,Female,1,,0,South African ,1,,1,,,,,,,,,,70,2,1,4,1,1,2,5,4,5,5,2,4,6,5,6,5,5,6,6,5,4,6,5,6,6,5,2,3,2,1,3,9,1,1,2,4,1,1,1,5,5,3,4,4,3,1,1,3,6,4,5,4,3,4
1.10016E+11,270409977,6/20/24 16:20,6/20/24 16:28,89.154.57.95,,,,,8675731220,6,1,Male,10,,0,Portugal,6,,,,,,,,,,,,5,4,5,7,7,4,2,2,6,6,4,1,3,5,4,6,2,2,6,4,4,6,6,2,6,4,2,1,4,2,4,2,1,6,2,1,2,2,2,1,5,4,3,3,5,3,3,6,4,3,2,2,3,4,3
1.10016E+11,270409977,6/20/24 16:18,6/20/24 16:28,85.242.109.45,,,,,3099261747,9,1,Non binary,10,,0,Swiss,6,,,,,,,,,,,,10,3,4,7,7,4,2,6,3,4,2,3,2,2,2,3,3,2,3,2,2,2,3,3,3,2,3,5,2,2,5,3,5,2,2,1,2,1,1,1,5,4,2,5,1,1,5,6,5,5,4,6,3,5,3
1.10016E+11,270409977,6/20/24 16:21,6/20/24 16:28,23.91.254.248,,,,,7009716664,31,1,Male,10,,7,,6,,,,,,,,,,,,0,4,4,7,7,5,4,4,6,4,1,4,4,1,4,4,5,5,6,2,6,4,6,5,5,1,5,2,9,7,7,7,2,2,1,2,4,3,3,3,4,4,4,3,4,4,3,4,4,4,4,4,2,4,4
1.10016E+11,270409977,6/20/24 16:23,6/20/24 16:27,177.248.45.200,,,,,3322760609,6,2,Female,5,,8,,0,Catholic,,,,,,,,,,,25,2,1,5,5,2,3,4,6,6,2,3,4,2,2,6,6,6,4,2,4,5,6,4,4,2,1,1,1,1,7,2,7,4,1,1,4,1,2,1,5,5,5,3,4,3,2,4,3,0,6,4,3,5,4
1.10016E+11,270409977,6/20/24 16:20,6/20/24 16:27,222.9.23.70,,,,,2162846986,8,1,Male,15,,0,Vietnamese,6,,,,,,,,,,,,0,4,5,7,7,5,4,4,5,4,3,3,4,3,3,4,3,4,5,3,4,5,4,5,5,3,3,1,1,1,3,3,6,2,2,1,3,2,2,2,4,4,3,3,4,3,3,3,4,5,4,3,3,3,3
1.10016E+11,270409977,6/20/24 16:20,6/20/24 16:27,173.174.225.3,,,,,92984952,13,2,Female ,5,,2,,6,,,,,,,,,,,,0,2,2,7,6,2,3,3,5,3,2,3,3,2,3,3,4,4,4,4,4,4,5,2,3,1,5,4,2,3,5,1,5,1,2,1,4,2,3,2,3,3,3,6,2,2,6,4,2,5,4,6,2,3,2
1.10016E+11,270409977,6/20/24 16:16,6/20/24 16:27,189.159.45.78,,,,,2528789756,16,2,female,5,,8,,1,,1,,,,,,,,,,9,3,3,7,6,3,5,3,6,6,1,2,5,4,3,6,3,4,5,1,4,6,2,2,6,2,5,1,2,4,9,6,2,5,5,2,3,2,2,2,4,3,4,4,2,3,4,5,3,5,4,4,1,2,4
1.10016E+11,270409977,6/20/24 16:18,6/20/24 16:26,41.198.135.245,,,,,5310841075,13,2,Female ,1,,0,South African,1,,1,,,,,,,,,,50,3,2,6,6,4,4,4,6,4,1,6,3,1,4,4,6,6,4,1,6,1,6,6,4,6,5,2,2,2,1,1,5,2,2,2,3,3,2,1,5,5,1,3,4,3,0,5,6,6,6,4,4,6,4
1.10016E+11,270409977,6/20/24 16:20,6/20/24 16:26,82.132.232.56,,,,,2341107918,21,2,Female,10,,1,,6,,,,,,,,,,,,0,4,5,7,7,5,6,5,6,6,3,3,6,4,6,6,2,6,6,6,5,6,6,6,3,6,5,3,5,7,7,8,1,8,2,2,3,1,1,1,5,4,1,6,4,3,5,4,3,5,3,5,2,3,2
1.10016E+11,270409977,6/20/24 16:16,6/20/24 16:26,197.185.100.222,,,,,9637943886,34,2,Female ,1,,0,South Africa ,1,,1,,,,,,,,,,93,2,1,2,1,1,6,6,6,6,2,3,6,3,3,6,2,3,6,6,6,4,6,6,6,6,6,2,2,3,5,2,1,1,1,1,3,1,1,4,5,5,5,2,6,0,0,0,0,0,6,0,6,6,6
1.10016E+11,270409977,6/20/24 16:20,6/20/24 16:26,46.208.47.147,,,,,8529731834,16,1,Male,10,,1,,6,,,,,,,,,,,,20,4,4,6,7,3,4,4,5,5,2,2,4,4,3,5,2,3,5,4,2,4,5,3,4,3,3,2,2,2,3,2,8,2,2,2,2,2,3,3,4,4,4,4,4,4,4,4,5,2,3,3,4,4,4
1.10016E+11,270409977,6/20/24 16:13,6/20/24 16:26,90.193.8.165,,,,,8877358991,5,1,Male,10,,1,,1,,,,,,,,,,,I don’t know,50,4,3,6,5,4,3,5,6,6,1,1,5,3,3,5,2,5,6,2,4,5,5,4,6,4,2,2,2,4,7,5,1,4,1,2,3,1,2,2,5,5,2,4,3,4,4,4,4,5,4,3,3,4,3
1.10016E+11,270409977,6/20/24 16:16,6/20/24 16:26,109.51.247.136,,,,,2321774880,6,1,male,10,,0,portuguese,6,,,,,,,,,,,,10,4,4,7,7,5,2,5,6,6,1,5,1,1,3,6,2,5,3,1,5,3,5,3,2,1,3,2,2,1,9,6,2,2,8,1,3,1,1,1,5,5,3,2,5,5,1,1,5,4,5,4,5,5,5
1.10016E+11,270409977,6/20/24 16:21,6/20/24 16:26,222.153.82.0,,,,,928256371,7,1,Male,10,,0,New Zealand,6,,,,,,,,,,,,0,4,4,7,7,5,4,3,5,5,1,5,4,1,3,5,2,6,5,1,5,5,4,3,4,2,4,2,1,1,8,6,2,3,3,2,1,1,2,1,4,2,2,4,1,2,4,5,3,4,4,4,4,3,2
1.10016E+11,270409977,6/20/24 16:12,6/20/24 16:25,46.6.34.107,,,,,2830818160,10,1,Men,1,,0,Algeria,6,,,,,,,,,,,,0,1,5,7,7,5,2,2,5,5,4,3,3,3,5,5,3,3,3,2,5,2,4,2,5,2,2,5,5,5,7,6,1,3,3,2,2,1,2,2,4,4,4,4,2,4,5,5,3,3,2,5,2,3,2
1.10016E+11,270409977,6/20/24 16:16,6/20/24 16:25,105.4.2.192,,,,,8671315493,7,2,female,2,,2,,1,,1,,,,,,,,,,70,4,1,5,1,3,1,1,5,3,1,2,1,1,2,1,6,3,1,1,3,1,6,4,1,1,6,2,1,1,9,3,3,2,3,3,4,1,1,1,5,5,3,2,3,3,3,4,3,4,3,4,4,4,3
1.10016E+11,270409977,6/20/24 16:18,6/20/24 16:25,5.249.62.128,,,,,6333708189,6,1,Male,10,,2,,6,,,,,,,,,,,,0,4,5,7,7,5,3,4,5,3,2,3,4,2,2,6,4,5,3,3,5,4,5,6,4,5,4,1,1,1,6,5,5,2,2,4,3,1,1,2,5,4,2,3,4,2,3,2,4,5,3,5,4,3,3
1.10016E+11,270409977,6/20/24 16:17,6/20/24 16:25,187.222.20.23,,,,,2.66E+09,9,2,Female,5,,8,,1,,1,,,,,,,,,,73,3,1,4,1,2,3,6,4,6,2,4,2,5,4,4,4,3,3,5,5,4,6,5,4,5,4,2,2,2,3,3,5,1,1,2,4,2,2,2,4,5,5,4,4,3,3,3,4,4,4,4,4,6,4
1.10016E+11,270409977,6/20/24 16:21,6/20/24 16:25,192.176.116.232,,,,,6350766988,15,2,Nonbinary,10,,0,Sweden,6,,,,,,,,,,,,0,4,2,7,7,4,2,6,6,6,6,4,1,3,3,5,4,6,6,6,6,6,6,6,6,6,6,1,1,1,6,1,9,2,1,1,2,3,3,3,3,4,3,3,4,5,3,3,4,4,4,3,3,3,5
1.10016E+11,270409977,6/20/24 16:18,6/20/24 16:24,83.248.12.93,,,,,3915626519,6,2,Female,10,,0,Turkey,6,,,,,,,,,,,,15,3,3,7,7,3,3,2,5,5,1,4,2,1,4,6,4,5,4,2,5,2,6,6,6,1,4,2,1,1,8,3,6,6,2,1,4,1,1,1,5,5,3,5,3,3,5,5,3,5,5,4,1,3,3
1.10016E+11,270409977,6/20/24 16:17,6/20/24 16:24,178.37.80.254,,,,,5692715112,7,2,Female,10,,0,Poland,6,,,,,,,,,,,,0,5,3,7,7,5,2,3,3,4,1,1,2,1,2,5,2,3,5,2,3,5,4,3,4,1,2,2,3,3,6,1,3,2,1,1,3,2,3,2,5,5,3,3,4,6,2,4,6,4,4,2,3,4,6
1.10016E+11,270409977,6/20/24 16:18,6/20/24 16:23,217.45.68.185,,,,,679748748,13,2,Female,1,,1,,2,,,,,,,,,,,,100,3,1,5,1,1,6,4,6,6,1,2,6,4,4,6,1,3,6,6,4,5,6,4,5,6,3,2,2,1,5,1,9,3,1,2,2,2,3,3,4,5,3,3,3,4,2,4,5,4,4,4,3,3,3
1.10016E+11,270409977,6/20/24 16:17,6/20/24 16:22,189.140.7.189,,,,,602168718,7,1,Male ,5,,8,,6,,,,,,,,,,,,1,4,3,6,7,4,2,4,6,5,1,5,1,2,4,4,6,6,2,2,6,5,6,4,2,2,4,3,1,2,8,5,3,6,7,3,4,2,1,1,5,4,2,6,2,5,4,6,6,6,5,6,0,3,5
1.10016E+11,270409977,6/20/24 16:12,6/20/24 16:22,187.168.35.82,,,,,6019588091,8,1,male,5,,8,,6,,,,,,,,,,,,20,4,2,5,7,3,3,2,5,5,1,2,4,3,4,3,3,6,4,4,5,5,2,4,2,3,6,3,3,2,8,7,2,6,4,2,3,2,2,1,5,5,1,2,4,3,0,0,4,3,4,3,2,5,4
1.10016E+11,270409977,6/20/24 16:18,6/20/24 16:22,41.114.204.135,,,,,1918129842,3,1,Male ,1,,0,South Africa ,1,,,,,,,6,,,,,100,1,1,2,1,2,6,6,6,6,1,3,5,3,4,6,6,5,6,6,6,1,6,3,3,6,6,2,3,2,1,1,9,1,1,2,5,1,1,4,5,5,5,6,6,6,2,4,6,6,6,6,6,6,6
1.10016E+11,270409977,6/20/24 16:16,6/20/24 16:22,193.137.159.52,,,,,302229250,9,1,Male,10,,0,Portugal,6,,,,,,,,,,,,0,2,5,7,7,3,1,1,6,6,1,3,1,1,4,4,1,4,6,1,5,5,6,4,4,1,3,2,1,2,9,9,1,9,6,9,2,1,1,1,5,5,3,4,4,1,0,4,6,6,4,5,1,4,1
1.10016E+11,270409977,6/20/24 16:16,6/20/24 16:22,189.174.29.182,,,,,1832362981,19,1,male,10,,6,,1,,,2,,,,,,,,,100,1,1,7,1,3,6,6,6,6,6,3,6,6,4,6,3,6,6,6,6,6,6,3,6,6,3,2,1,1,1,1,9,1,1,1,3,5,5,1,1,1,1,3,3,4,3,3,4,3,4,2,4,4,4
1.10016E+11,270409977,6/20/24 16:17,6/20/24 16:22,99.229.9.16,,,,,1209563662,10,2,female,4,,7,,6,,,,,,,,,,,,0,4,4,7,7,5,3,3,6,6,1,3,2,1,3,6,1,6,6,1,4,5,6,5,3,3,6,2,1,2,9,3,5,2,3,2,3,1,1,1,5,5,1,5,1,3,4,4,4,4,4,5,2,4,3
1.10016E+11,270409977,6/20/24 16:12,6/20/24 16:22,85.138.62.3,,,,,4492772481,40,2,Female,10,,0,Portugal,6,,,,,,,,,,,,0,4,4,7,7,4,6,3,6,6,3,3,6,3,3,6,5,5,6,6,6,6,6,6,6,3,4,1,2,3,1,1,5,2,1,1,3,1,1,1,5,5,3,5,3,3,3,5,3,3,6,5,3,3,3
1.10016E+11,270409977,6/20/24 16:15,6/20/24 16:21,188.37.89.61,,,,,7149549476,8,2,Female,10,,0,Portugal,6,,,,,,,,,,,,5,4,4,7,7,4,5,6,6,6,1,1,1,1,2,6,6,6,4,2,2,4,6,6,4,2,3,2,1,1,6,6,4,2,2,1,3,1,1,1,4,4,3,3,2,5,2,2,6,4,3,3,3,4,6
1.10016E+11,270409977,6/20/24 16:15,6/20/24 16:21,179.8.85.168,,,,,7362253142,10,1,Male,5,,0,Chile,1,,,,,,,,,,,None,30,3,2,7,6,3,2,5,6,6,1,3,4,2,5,3,5,6,3,1,6,1,6,2,2,1,3,2,2,2,3,7,7,2,1,1,3,2,4,3,4,4,4,5,4,6,3,3,5,5,6,3,4,5,5
1.10016E+11,270409977,6/20/24 16:18,6/20/24 16:21,51.155.244.17,,,,,4079301122,3,1,Male,4,,1,,6,,,,,,,,,,,,0,5,5,7,7,5,5,5,6,5,2,4,4,1,4,5,3,4,2,1,4,4,5,4,3,6,4,2,2,1,9,6,5,7,1,2,4,3,3,4,3,4,4,1,5,3,4,4,5,5,5,5,5,5,5
1.10016E+11,270409977,6/20/24 16:15,6/20/24 16:21,177.226.19.69,,,,,9464842003,16,2,female,5,,8,,1,,1,,,,,,,,,,94,2,1,4,1,3,4,5,5,6,1,2,2,1,3,6,4,2,5,4,2,3,6,4,4,3,2,2,2,2,7,5,4,2,2,1,3,1,1,1,5,5,3,1,5,4,1,0,5,5,6,4,1,3,2
1.10016E+11,270409977,6/20/24 16:16,6/20/24 16:21,188.146.125.123,,,,,7375668434,24,1,male,10,,0,Poland,0,deism,,,,,,,,,,,20,3,2,5,6,4,4,2,4,5,1,4,3,2,3,5,4,3,4,2,4,3,4,3,4,1,2,3,3,2,4,2,2,5,2,2,3,3,3,3,3,3,3,4,3,4,3,2,3,3,3,3,2,3,3
1.10016E+11,270409977,6/20/24 16:14,6/20/24 16:21,83.82.6.62,,,,,8778351028,4,1,Male,7,,5,,2,,,,,,,,,,,,20,4,3,5,4,4,4,4,6,6,3,4,5,2,3,5,3,4,3,2,4,5,3,6,5,5,5,4,2,2,4,7,3,6,7,6,4,2,2,2,4,4,4,4,3,3,3,3,3,4,4,4,4,4,4
1.10016E+11,270409977,6/20/24 16:14,6/20/24 16:21,60.102.225.138,,,,,4650073909,7,2,Female,7,,0,Japanese,0,Roman Catholic,,,,,,,,,,,30,4,3,6,1,3,6,4,3,6,2,4,6,2,3,4,5,5,5,3,5,5,6,4,6,4,5,2,2,1,7,5,4,2,2,1,3,1,1,2,5,5,2,2,5,4,2,4,5,4,5,2,4,5,5
1.10016E+11,270409977,6/20/24 16:15,6/20/24 16:20,217.213.93.177,,,,,6824515738,32,2,female,10,,0,swedish,6,,,,,,,,,,,,2,4,4,6,6,4,2,5,4,6,1,1,3,1,1,6,6,6,6,1,3,6,1,6,6,1,1,2,5,5,7,1,1,2,2,2,3,1,1,1,3,4,2,6,0,3,6,6,1,5,0,6,0,0,3
1.10016E+11,270409977,6/20/24 16:15,6/20/24 16:20,190.46.34.57,,,,,1512829733,30,1,Male,5,,0,Chile,6,,,,,,,,,,,,0,5,5,7,7,5,2,3,5,5,1,1,5,1,2,2,3,2,3,3,4,1,1,2,3,2,4,2,2,4,9,9,1,7,5,8,1,1,1,1,4,5,1,2,3,2,1,3,4,1,2,1,3,2,1
1.10016E+11,270409977,6/20/24 16:13,6/20/24 16:18,86.26.201.96,,,,,8841775492,5,2,Female,4,,1,,2,,,,,,,,,,,,100,1,1,2,1,1,6,6,6,6,3,4,6,6,5,6,6,6,6,6,6,4,6,6,6,6,6,2,1,1,1,1,9,1,1,1,2,4,3,3,3,3,3,6,3,0,6,6,3,1,1,6,0,0,1